Timestamp,Name,Value
0.781048,"NT:/LiveWindow/.status/LW Enabled",false
0.983591,"NT:/FMSInfo/.type","FMSInfo"
0.983865,"NT:/FMSInfo/GameSpecificMessage",""
0.984075,"NT:/FMSInfo/EventName",""
0.998226,"NT:/FMSInfo/MatchNumber",<invalid>
0.998465,"NT:/FMSInfo/ReplayNumber",<invalid>
0.998628,"NT:/FMSInfo/MatchType",<invalid>
0.998851,"NT:/FMSInfo/IsRedAlliance",true
0.999347,"NT:/FMSInfo/StationNumber",<invalid>
0.999517,"NT:/FMSInfo/FMSControlData",<invalid>
2.307609,"NT:/SmartDashboard/Field/.controllable",true
2.293578,"NT:/SmartDashboard/Field/.type","Field2d"
3.163795,"NT:/SmartDashboard/Field/Robot",0;0;0
2.315195,"NT:/SmartDashboard/Field/.name","Field"
2.868493,"NT:/SmartDashboard/Controller P",2
2.868534,"NT:/SmartDashboard/Controller I",1
2.868562,"NT:/SmartDashboard/Controller D",1
2.909018,"NT:/SmartDashboard/Shooter Speed",0
2.909246,"NT:/SmartDashboard/AutoShootPower",0.5
3.164137,"NTConnection","{""connected"":true,""remote_id"":""NT3@172.22.11.1:61113"",""remote_ip"":""172.22.11.1"",""remote_port"":61113,""protocol_version"":768}"
3.211226,"NT:/FMSInfo/StationNumber",<invalid>
3.211307,"NT:/FMSInfo/FMSControlData",<invalid>
3.226035,"NT:/SmartDashboard/LimelightX",0
3.226317,"NT:/SmartDashboard/LimelightY",0
3.22648,"NT:/SmartDashboard/LimelightArea",0
3.226651,"NT:/SmartDashboard/LimelightLength",0
6.175718,"systemTime",2023-01-28 16:17:08.391618
10.576506,"NT:/FMSInfo/FMSControlData",<invalid>
10.66699,"NT:/SmartDashboard/Arm Angle",0
10.667707,"NT:/SmartDashboard/Arm Rate",0
11.175336,"systemTime",2023-01-28 16:17:13.391277
13.239417,"NT:/SmartDashboard/Arm Angle",-0.0007669903939428206
13.258963,"NT:/SmartDashboard/Arm Angle",-0.0023009711818284618
13.258998,"NT:/SmartDashboard/Arm Rate",-0.0975789921303301
13.27939,"NT:/SmartDashboard/Arm Angle",-0.0046019423636569235
13.279425,"NT:/SmartDashboard/Arm Rate",-0.09734013715267911
13.298403,"NT:/SmartDashboard/Arm Angle",-0.007669903939428206
13.298438,"NT:/SmartDashboard/Arm Rate",-0.15212781156202126
13.318433,"NT:/SmartDashboard/Arm Angle",-0.009970875121256668
13.318469,"NT:/SmartDashboard/Arm Rate",-0.12154410389897936
13.338747,"NT:/SmartDashboard/Arm Angle",-0.01303883669702795
13.338786,"NT:/SmartDashboard/Arm Rate",-0.15861902396228264
13.358904,"NT:/SmartDashboard/Arm Angle",-0.01457281748491359
13.35894,"NT:/SmartDashboard/Arm Rate",-0.09345236095882112
13.400744,"NT:/SmartDashboard/Arm Angle",-0.016106798272799233
13.400783,"NT:/SmartDashboard/Arm Rate",-0.048062500452687416
13.420859,"NT:/SmartDashboard/Arm Angle",-0.023009711818284616
13.4209,"NT:/SmartDashboard/Arm Rate",-0.3234318761256511
13.474543,"NT:/SmartDashboard/Arm Angle",-0.04908738521234052
13.474592,"NT:/SmartDashboard/Arm Rate",-0.5713362836178781
13.485057,"NT:/SmartDashboard/Arm Angle",-0.05522330836388308
13.485095,"NT:/SmartDashboard/Arm Rate",-0.6252278045978219
13.495493,"NT:/SmartDashboard/Arm Angle",-0.06059224112148283
13.49553,"NT:/SmartDashboard/Arm Rate",-0.5136684010901832
13.504809,"NT:/SmartDashboard/Arm Angle",-0.06519418348513975
13.504849,"NT:/SmartDashboard/Arm Rate",-0.4755423662359579
13.519455,"NT:/SmartDashboard/Arm Angle",-0.07286408742456796
13.519494,"NT:/SmartDashboard/Arm Rate",-0.5727281608757703
13.538596,"NT:/SmartDashboard/Arm Angle",-0.08283496254582462
13.538631,"NT:/SmartDashboard/Arm Rate",-0.4116743030126245
13.559396,"NT:/SmartDashboard/Arm Angle",-0.0928058376670813
13.559433,"NT:/SmartDashboard/Arm Rate",-0.44050793667565724
13.578946,"NT:/SmartDashboard/Arm Angle",-0.10354370318228077
13.578983,"NT:/SmartDashboard/Arm Rate",-0.5232839679631722
13.598965,"NT:/SmartDashboard/Arm Angle",-0.11504855909142309
13.599002,"NT:/SmartDashboard/Arm Rate",-0.6188525619306672
13.618706,"NT:/SmartDashboard/Arm Angle",-0.12578642460662257
13.618747,"NT:/SmartDashboard/Arm Rate",-0.5412251062037527
13.638778,"NT:/SmartDashboard/Arm Angle",-0.1380582709097077
13.638813,"NT:/SmartDashboard/Arm Rate",-0.5928771862661183
13.659235,"NT:/SmartDashboard/Arm Angle",-0.14956312681885
13.659268,"NT:/SmartDashboard/Arm Rate",-0.6504121467836806
13.680107,"NT:/SmartDashboard/Arm Angle",-0.16106798272799233
13.680152,"NT:/SmartDashboard/Arm Rate",-0.4965423799327171
13.699138,"NT:/SmartDashboard/Arm Angle",-0.171038857849249
13.699175,"NT:/SmartDashboard/Arm Rate",-0.4129154206960003
13.718779,"NT:/SmartDashboard/Arm Angle",-0.18024274257656284
13.718815,"NT:/SmartDashboard/Arm Rate",-0.6176067590883306
13.739336,"NT:/SmartDashboard/Arm Angle",-0.19404856966753362
13.739375,"NT:/SmartDashboard/Arm Rate",-0.8015680350550058
13.759185,"NT:/SmartDashboard/Arm Angle",-0.2124563391221613
13.75922,"NT:/SmartDashboard/Arm Rate",-0.9747451351955654
13.780269,"NT:/SmartDashboard/Arm Angle",-0.2385340125162172
13.780303,"NT:/SmartDashboard/Arm Rate",-1.1706425930635438
13.79887,"NT:/SmartDashboard/Arm Angle",-0.26231071472844464
13.798904,"NT:/SmartDashboard/Arm Rate",-1.2218816638872425
13.818697,"NT:/SmartDashboard/Arm Angle",-0.2630777051223875
13.818732,"NT:/SmartDashboard/Arm Rate",-0.982659612367087
14.218864,"NT:/SmartDashboard/Arm Rate",0
15.158939,"NT:/SmartDashboard/Arm Angle",-0.2615437243345018
15.188518,"NT:/SmartDashboard/Arm Angle",-0.2561747915769021
15.188558,"NT:/SmartDashboard/Arm Rate",0.18213648390086157
15.199069,"NT:/SmartDashboard/Arm Angle",-0.25464081078901646
15.199103,"NT:/SmartDashboard/Arm Rate",0.18087476422144363
15.218424,"NT:/SmartDashboard/Arm Angle",-0.2500388684253595
15.218462,"NT:/SmartDashboard/Arm Rate",0.2327943315062606
15.239089,"NT:/SmartDashboard/Arm Angle",-0.2462039164556454
15.239124,"NT:/SmartDashboard/Arm Rate",0.19148669785987107
15.259107,"NT:/SmartDashboard/Arm Angle",-0.24236896448593132
15.259142,"NT:/SmartDashboard/Arm Rate",0.1965785155042214
15.278491,"NT:/SmartDashboard/Arm Angle",-0.23930100291016002
15.278532,"NT:/SmartDashboard/Arm Rate",0.16274406349491857
15.298447,"NT:/SmartDashboard/Arm Angle",-0.23546605094044593
15.298482,"NT:/SmartDashboard/Arm Rate",0.19711909379152417
15.318509,"NT:/SmartDashboard/Arm Angle",-0.2316310989707318
15.318544,"NT:/SmartDashboard/Arm Rate",0.18776234276061118
15.338387,"NT:/SmartDashboard/Arm Angle",-0.22779614700101772
15.338425,"NT:/SmartDashboard/Arm Rate",0.17280055737164596
15.364623,"NT:/SmartDashboard/Arm Angle",-0.22319420463736078
15.364681,"NT:/SmartDashboard/Arm Rate",0.16104108886615168
15.380886,"NT:/SmartDashboard/Arm Angle",-0.2201262430615895
15.380925,"NT:/SmartDashboard/Arm Rate",0.23113781620028798
15.401766,"NT:/SmartDashboard/Arm Angle",-0.2162912910918754
15.401811,"NT:/SmartDashboard/Arm Rate",0.15517718521707793
15.422773,"NT:/SmartDashboard/Arm Angle",-0.2124563391221613
15.422814,"NT:/SmartDashboard/Arm Rate",0.2256750162396306
15.442244,"NT:/SmartDashboard/Arm Angle",-0.2086213871524472
15.442292,"NT:/SmartDashboard/Arm Rate",0.205361115160384
15.463658,"NT:/SmartDashboard/Arm Angle",-0.20401944478879028
15.463707,"NT:/SmartDashboard/Arm Rate",0.18166571879779858
15.478788,"NT:/SmartDashboard/Arm Angle",-0.200951483213019
15.478826,"NT:/SmartDashboard/Arm Rate",0.18917248799290176
15.502787,"NT:/SmartDashboard/Arm Angle",-0.19634954084936207
15.502826,"NT:/SmartDashboard/Arm Rate",0.21180851219718064
15.521562,"NT:/SmartDashboard/Arm Angle",-0.19251458887964798
15.521598,"NT:/SmartDashboard/Arm Rate",0.21136563169499603
15.538986,"NT:/SmartDashboard/Arm Angle",-0.18944662730387668
15.539022,"NT:/SmartDashboard/Arm Rate",0.18068355398467484
15.559057,"NT:/SmartDashboard/Arm Angle",-0.1856116753341626
15.559092,"NT:/SmartDashboard/Arm Rate",0.1776417345051552
15.578574,"NT:/SmartDashboard/Arm Angle",-0.18100973297050565
15.578609,"NT:/SmartDashboard/Arm Rate",0.2165698920152111
15.599478,"NT:/SmartDashboard/Arm Angle",-0.17717478100079156
15.59952,"NT:/SmartDashboard/Arm Rate",0.18813251463418762
15.619302,"NT:/SmartDashboard/Arm Angle",-0.17333982903107745
15.619337,"NT:/SmartDashboard/Arm Rate",0.16549716260360736
15.638979,"NT:/SmartDashboard/Arm Angle",-0.16873788666742054
15.639014,"NT:/SmartDashboard/Arm Rate",0.2558766952269627
15.659086,"NT:/SmartDashboard/Arm Angle",-0.16490293469770642
15.659126,"NT:/SmartDashboard/Arm Rate",0.20394409254519713
15.678932,"NT:/SmartDashboard/Arm Angle",-0.16106798272799233
15.67897,"NT:/SmartDashboard/Arm Rate",0.1917272274677867
15.700338,"NT:/SmartDashboard/Arm Angle",-0.1572330307582782
15.700393,"NT:/SmartDashboard/Arm Rate",0.18985498163750625
15.718662,"NT:/SmartDashboard/Arm Angle",-0.15416506918250694
15.718698,"NT:/SmartDashboard/Arm Rate",0.18304222468125508
15.738913,"NT:/SmartDashboard/Arm Angle",-0.15033011721279282
15.738948,"NT:/SmartDashboard/Arm Rate",0.20264415463840196
15.760181,"NT:/SmartDashboard/Arm Angle",-0.14572817484913592
15.760219,"NT:/SmartDashboard/Arm Rate",0.1833676948318879
15.779366,"NT:/SmartDashboard/Arm Angle",-0.1418932228794218
15.779403,"NT:/SmartDashboard/Arm Rate",0.1858953795676898
15.798503,"NT:/SmartDashboard/Arm Angle",-0.13882526130365053
15.798538,"NT:/SmartDashboard/Arm Rate",0.18238823235001872
15.818928,"NT:/SmartDashboard/Arm Angle",-0.1342233189399936
15.818964,"NT:/SmartDashboard/Arm Rate",0.22327061900671585
15.838731,"NT:/SmartDashboard/Arm Angle",-0.1303883669702795
15.838767,"NT:/SmartDashboard/Arm Rate",0.19280501348151785
15.858698,"NT:/SmartDashboard/Arm Angle",-0.12732040539450823
15.85874,"NT:/SmartDashboard/Arm Rate",0.17340169875719405
15.878684,"NT:/SmartDashboard/Arm Angle",-0.12348545342479411
15.87872,"NT:/SmartDashboard/Arm Rate",0.18565464510177138
15.898975,"NT:/SmartDashboard/Arm Angle",-0.11965050145508001
15.899012,"NT:/SmartDashboard/Arm Rate",0.17262311511941317
15.91915,"NT:/SmartDashboard/Arm Angle",-0.11658253987930872
15.919188,"NT:/SmartDashboard/Arm Rate",0.19021517746227473
15.939018,"NT:/SmartDashboard/Arm Angle",-0.11351457830353745
15.939058,"NT:/SmartDashboard/Arm Rate",0.157258378843218
15.958664,"NT:/SmartDashboard/Arm Angle",-0.10891263593988053
15.9587,"NT:/SmartDashboard/Arm Rate",0.21537338587428315
15.978905,"NT:/SmartDashboard/Arm Angle",-0.10507768397016642
15.978942,"NT:/SmartDashboard/Arm Rate",0.1881019476135206
15.998848,"NT:/SmartDashboard/Arm Angle",-0.10200972239439514
15.998884,"NT:/SmartDashboard/Arm Rate",0.16258364846787807
16.018564,"NT:/SmartDashboard/Arm Angle",-0.09740778003073822
16.0186,"NT:/SmartDashboard/Arm Rate",0.2692717876141574
16.042357,"NT:/SmartDashboard/Arm Angle",-0.08973787609131001
16.042397,"NT:/SmartDashboard/Arm Rate",0.40144217103002117
16.066354,"NT:/SmartDashboard/Arm Angle",-0.07976700097005335
16.066398,"NT:/SmartDashboard/Arm Rate",0.45780563546266595
16.086947,"NT:/SmartDashboard/Arm Angle",-0.06826214506091104
16.08699,"NT:/SmartDashboard/Arm Rate",0.5782660426111419
16.101038,"NT:/SmartDashboard/Arm Angle",-0.059825250727540004
16.101097,"NT:/SmartDashboard/Arm Rate",0.6385400759204692
16.120742,"NT:/SmartDashboard/Arm Angle",-0.0483203948183977
16.120781,"NT:/SmartDashboard/Arm Rate",0.591328786348245
16.141112,"NT:/SmartDashboard/Arm Angle",-0.037582529303198206
16.141169,"NT:/SmartDashboard/Arm Rate",0.5813285790187176
16.159071,"NT:/SmartDashboard/Arm Angle",-0.028378644575884363
16.159107,"NT:/SmartDashboard/Arm Rate",0.4564162508492874
16.174857,"systemTime",2023-01-28 16:17:18.390828
16.178391,"NT:/SmartDashboard/Arm Angle",-0.019174759848570515
16.178426,"NT:/SmartDashboard/Arm Rate",0.4090806338657514
16.198797,"NT:/SmartDashboard/Arm Angle",-0.009203884727313847
16.198835,"NT:/SmartDashboard/Arm Rate",0.5035305972150015
16.219113,"NT:/SmartDashboard/Arm Angle",0.0023009711818284618
16.219199,"NT:/SmartDashboard/Arm Rate",0.531423598373713
16.238416,"NT:/SmartDashboard/Arm Angle",0.01227184630308513
16.238449,"NT:/SmartDashboard/Arm Rate",0.5614966554606201
16.258758,"NT:/SmartDashboard/Arm Angle",0.023009711818284616
16.258794,"NT:/SmartDashboard/Arm Rate",0.5675839594048956
16.278853,"NT:/SmartDashboard/Arm Angle",0.032980586939541284
16.278887,"NT:/SmartDashboard/Arm Rate",0.4849918707153692
16.299025,"NT:/SmartDashboard/Arm Angle",0.04371845245474077
16.299058,"NT:/SmartDashboard/Arm Rate",0.5336977604194628
16.318855,"NT:/SmartDashboard/Arm Angle",0.05368932757599744
16.318893,"NT:/SmartDashboard/Arm Rate",0.5250751468913181
16.33923,"NT:/SmartDashboard/Arm Angle",0.06366020269725411
16.339264,"NT:/SmartDashboard/Arm Rate",0.47709533874057736
16.358842,"NT:/SmartDashboard/Arm Angle",0.07286408742456796
16.358876,"NT:/SmartDashboard/Arm Rate",0.5123045771966974
16.378784,"NT:/SmartDashboard/Arm Angle",0.08283496254582462
16.37882,"NT:/SmartDashboard/Arm Rate",0.44438415895062644
16.399283,"NT:/SmartDashboard/Arm Angle",0.0928058376670813
16.399318,"NT:/SmartDashboard/Arm Rate",0.4818384181070616
16.419138,"NT:/SmartDashboard/Arm Angle",0.10354370318228077
16.419172,"NT:/SmartDashboard/Arm Rate",0.5804212412186128
16.438833,"NT:/SmartDashboard/Arm Angle",0.11351457830353745
16.43887,"NT:/SmartDashboard/Arm Rate",0.514944413802174
16.458686,"NT:/SmartDashboard/Arm Angle",0.12425244381873693
16.458722,"NT:/SmartDashboard/Arm Rate",0.6239879544758238
16.478888,"NT:/SmartDashboard/Arm Angle",0.1342233189399936
16.478922,"NT:/SmartDashboard/Arm Rate",0.5044993711391308
16.498918,"NT:/SmartDashboard/Arm Angle",0.14342720366730746
16.498954,"NT:/SmartDashboard/Arm Rate",0.5675629591659018
16.518796,"NT:/SmartDashboard/Arm Angle",0.15416506918250694
16.518832,"NT:/SmartDashboard/Arm Rate",0.4809282557935937
16.538628,"NT:/SmartDashboard/Arm Angle",0.16490293469770642
16.538663,"NT:/SmartDashboard/Arm Rate",0.6496340100307633
16.559138,"NT:/SmartDashboard/Arm Angle",0.1756408002129059
16.559173,"NT:/SmartDashboard/Arm Rate",0.5588272451313812
16.578735,"NT:/SmartDashboard/Arm Angle",0.1863786657281054
16.578774,"NT:/SmartDashboard/Arm Rate",0.562804809174362
16.598712,"NT:/SmartDashboard/Arm Angle",0.19634954084936207
16.598747,"NT:/SmartDashboard/Arm Rate",0.527150221785818
16.619105,"NT:/SmartDashboard/Arm Angle",0.20632041597061873
16.61914,"NT:/SmartDashboard/Arm Rate",0.4440207794733747
16.638974,"NT:/SmartDashboard/Arm Angle",0.2162912910918754
16.639014,"NT:/SmartDashboard/Arm Rate",0.5100857207081572
16.65925,"NT:/SmartDashboard/Arm Angle",0.22626216621313208
16.659286,"NT:/SmartDashboard/Arm Rate",0.4723683496572334
16.683027,"NT:/SmartDashboard/Arm Angle",0.2385340125162172
16.683079,"NT:/SmartDashboard/Arm Rate",0.5003688514484917
16.706696,"NT:/SmartDashboard/Arm Angle",0.2500388684253595
16.706835,"NT:/SmartDashboard/Arm Rate",0.5037662376780622
16.720865,"NT:/SmartDashboard/Arm Angle",0.25770877236478773
16.720909,"NT:/SmartDashboard/Arm Rate",0.5120950719030684
16.74054,"NT:/SmartDashboard/Arm Angle",0.26691265709210155
16.740579,"NT:/SmartDashboard/Arm Rate",0.5861768250468169
16.760223,"NT:/SmartDashboard/Arm Angle",0.27765052260730105
16.760262,"NT:/SmartDashboard/Arm Rate",0.509937350016419
16.782946,"NT:/SmartDashboard/Arm Angle",0.28915537851644335
16.782984,"NT:/SmartDashboard/Arm Rate",0.583595506138726
16.800701,"NT:/SmartDashboard/Arm Angle",0.2975922728498144
16.800745,"NT:/SmartDashboard/Arm Rate",0.5237127354895414
16.821083,"NT:/SmartDashboard/Arm Angle",0.30756314797107104
16.82112,"NT:/SmartDashboard/Arm Rate",0.48422257088966475
16.838751,"NT:/SmartDashboard/Arm Angle",0.31600004230444206
16.838787,"NT:/SmartDashboard/Arm Rate",0.4052066772466314
16.858848,"NT:/SmartDashboard/Arm Angle",0.3259709174256987
16.858885,"NT:/SmartDashboard/Arm Rate",0.5065192177203515
16.879512,"NT:/SmartDashboard/Arm Angle",0.33670878294089823
16.879547,"NT:/SmartDashboard/Arm Rate",0.5012231068332992
16.898918,"NT:/SmartDashboard/Arm Angle",0.3466796580621549
16.898954,"NT:/SmartDashboard/Arm Rate",0.47217932816278424
16.918928,"NT:/SmartDashboard/Arm Angle",0.35665053318341156
16.918964,"NT:/SmartDashboard/Arm Rate",0.6352544933784621
16.939547,"NT:/SmartDashboard/Arm Angle",0.3658544179107254
16.939583,"NT:/SmartDashboard/Arm Rate",0.46348381272651884
16.958922,"NT:/SmartDashboard/Arm Angle",0.3758252930319821
16.958958,"NT:/SmartDashboard/Arm Rate",0.4965062186679747
16.985036,"NT:/SmartDashboard/Arm Angle",0.3873301489411244
16.985072,"NT:/SmartDashboard/Arm Rate",0.47713243791155246
16.998906,"NT:/SmartDashboard/Arm Angle",0.3942330624866098
16.998941,"NT:/SmartDashboard/Arm Rate",0.6335949063476518
17.018537,"NT:/SmartDashboard/Arm Angle",0.40420393760786644
17.018572,"NT:/SmartDashboard/Arm Rate",0.5288494752415505
17.03869,"NT:/SmartDashboard/Arm Angle",0.4141748127291231
17.038726,"NT:/SmartDashboard/Arm Rate",0.4308571715545435
17.059792,"NT:/SmartDashboard/Arm Angle",0.42567966863826545
17.059829,"NT:/SmartDashboard/Arm Rate",0.5405052017708079
17.078858,"NT:/SmartDashboard/Arm Angle",0.4341165629716365
17.078893,"NT:/SmartDashboard/Arm Rate",0.5385412118682914
17.098831,"NT:/SmartDashboard/Arm Angle",0.44408743809289314
17.098868,"NT:/SmartDashboard/Arm Rate",0.5385270321437404
17.119851,"NT:/SmartDashboard/Arm Angle",0.4540583132141498
17.119885,"NT:/SmartDashboard/Arm Rate",0.5241869832851426
17.138365,"NT:/SmartDashboard/Arm Angle",0.4632621979414636
17.1384,"NT:/SmartDashboard/Arm Rate",0.5185783836938663
17.158819,"NT:/SmartDashboard/Arm Angle",0.4732330730627203
17.158856,"NT:/SmartDashboard/Arm Rate",0.4795713153629316
17.178593,"NT:/SmartDashboard/Arm Angle",0.483203948183977
17.178628,"NT:/SmartDashboard/Arm Rate",0.5466496045776745
17.199077,"NT:/SmartDashboard/Arm Angle",0.4947088040931193
17.199112,"NT:/SmartDashboard/Arm Rate",0.45729385012129803
17.218562,"NT:/SmartDashboard/Arm Angle",0.5039126888204332
17.218597,"NT:/SmartDashboard/Arm Rate",0.42004430178004665
17.238595,"NT:/SmartDashboard/Arm Angle",0.5138835639416898
17.238695,"NT:/SmartDashboard/Arm Rate",0.42659754658443516
17.259045,"NT:/SmartDashboard/Arm Angle",0.5238544390629465
17.25908,"NT:/SmartDashboard/Arm Rate",0.41986897074309837
17.278684,"NT:/SmartDashboard/Arm Angle",0.5330583237902603
17.278724,"NT:/SmartDashboard/Arm Rate",0.47600350269908576
17.299363,"NT:/SmartDashboard/Arm Angle",0.5422622085175741
17.299399,"NT:/SmartDashboard/Arm Rate",0.46764142607595194
17.319335,"NT:/SmartDashboard/Arm Angle",0.5522330836388308
17.319374,"NT:/SmartDashboard/Arm Rate",0.5176334299163614
17.339459,"NT:/SmartDashboard/Arm Angle",0.5629709491540303
17.339498,"NT:/SmartDashboard/Arm Rate",0.5263091977923698
17.359796,"NT:/SmartDashboard/Arm Angle",0.572941824275287
17.359837,"NT:/SmartDashboard/Arm Rate",0.5434637525280385
17.379469,"NT:/SmartDashboard/Arm Angle",0.5821457090026009
17.379511,"NT:/SmartDashboard/Arm Rate",0.43557035525711923
17.400399,"NT:/SmartDashboard/Arm Angle",0.5913495937299147
17.400448,"NT:/SmartDashboard/Arm Rate",0.41179863167470215
17.424851,"NT:/SmartDashboard/Arm Angle",0.602854449639057
17.424897,"NT:/SmartDashboard/Arm Rate",0.49663883572854206
17.443353,"NT:/SmartDashboard/Arm Angle",0.6105243535784852
17.443392,"NT:/SmartDashboard/Arm Rate",0.48096595348168253
17.459553,"NT:/SmartDashboard/Arm Angle",0.6181942575179133
17.459589,"NT:/SmartDashboard/Arm Rate",0.4414714328965497
17.47983,"NT:/SmartDashboard/Arm Angle",0.6281651326391701
17.479866,"NT:/SmartDashboard/Arm Rate",0.4993305137034874
17.498592,"NT:/SmartDashboard/Arm Angle",0.6366020269725411
17.498684,"NT:/SmartDashboard/Arm Rate",0.4940118151733866
17.518427,"NT:/SmartDashboard/Arm Angle",0.6458059116998549
17.518464,"NT:/SmartDashboard/Arm Rate",0.4447578048537315
17.53854,"NT:/SmartDashboard/Arm Angle",0.6550097964271688
17.538576,"NT:/SmartDashboard/Arm Rate",0.4948245311803491
17.558627,"NT:/SmartDashboard/Arm Angle",0.6642136811544826
17.558665,"NT:/SmartDashboard/Arm Rate",0.48443283317353
17.579557,"NT:/SmartDashboard/Arm Angle",0.6734175658817965
17.579598,"NT:/SmartDashboard/Arm Rate",0.4819254601788051
17.599332,"NT:/SmartDashboard/Arm Angle",0.6826214506091103
17.599369,"NT:/SmartDashboard/Arm Rate",0.5321610337671996
17.618549,"NT:/SmartDashboard/Arm Angle",0.6918253353364242
17.618586,"NT:/SmartDashboard/Arm Rate",0.47223020368203833
17.638548,"NT:/SmartDashboard/Arm Angle",0.7017962104576808
17.638589,"NT:/SmartDashboard/Arm Rate",0.5922877256621876
17.659008,"NT:/SmartDashboard/Arm Angle",0.7125340759728803
17.659044,"NT:/SmartDashboard/Arm Rate",0.517436997844764
17.679932,"NT:/SmartDashboard/Arm Angle",0.7232719414880798
17.679967,"NT:/SmartDashboard/Arm Rate",0.4980942260238469
17.698736,"NT:/SmartDashboard/Arm Angle",0.7317088358214509
17.698773,"NT:/SmartDashboard/Arm Rate",0.46871309690188406
17.720447,"NT:/SmartDashboard/Arm Angle",0.7424467013366504
17.720486,"NT:/SmartDashboard/Arm Rate",0.4615002821642171
17.7384,"NT:/SmartDashboard/Arm Angle",0.7516505860639642
17.738438,"NT:/SmartDashboard/Arm Rate",0.49892449782023246
17.758685,"NT:/SmartDashboard/Arm Angle",0.7623884515791637
17.758721,"NT:/SmartDashboard/Arm Rate",0.5774497361675308
17.778733,"NT:/SmartDashboard/Arm Angle",0.773893307488306
17.77877,"NT:/SmartDashboard/Arm Rate",0.542934782552831
17.80066,"NT:/SmartDashboard/Arm Angle",0.7853981633974483
17.800699,"NT:/SmartDashboard/Arm Rate",0.5090869467296035
17.818614,"NT:/SmartDashboard/Arm Angle",0.7946020481247621
17.818649,"NT:/SmartDashboard/Arm Rate",0.5377907140139853
17.838443,"NT:/SmartDashboard/Arm Angle",0.8045729232460188
17.838479,"NT:/SmartDashboard/Arm Rate",0.5205184170088959
17.858617,"NT:/SmartDashboard/Arm Angle",0.8153107887612183
17.858653,"NT:/SmartDashboard/Arm Rate",0.5304542245418175
17.883669,"NT:/SmartDashboard/Arm Angle",0.8291166158521891
17.883705,"NT:/SmartDashboard/Arm Rate",0.542675483031677
17.898933,"NT:/SmartDashboard/Arm Angle",0.8375535101855601
17.898967,"NT:/SmartDashboard/Arm Rate",0.6265429580981452
17.918619,"NT:/SmartDashboard/Arm Angle",0.8475243853068167
17.918656,"NT:/SmartDashboard/Arm Rate",0.5474299334031516
17.938611,"NT:/SmartDashboard/Arm Angle",0.859029241215959
17.938649,"NT:/SmartDashboard/Arm Rate",0.543141439089905
17.95908,"NT:/SmartDashboard/Arm Angle",0.8705340971251013
17.959116,"NT:/SmartDashboard/Arm Rate",0.5219130659835808
17.978389,"NT:/SmartDashboard/Arm Angle",0.8797379818524153
17.978496,"NT:/SmartDashboard/Arm Rate",0.539246412291612
18.00008,"NT:/SmartDashboard/Arm Angle",0.8904758473676146
18.000124,"NT:/SmartDashboard/Arm Rate",0.4366148513201478
18.020439,"NT:/SmartDashboard/Arm Angle",0.9012137128828142
18.020482,"NT:/SmartDashboard/Arm Rate",0.4857520821690151
18.040084,"NT:/SmartDashboard/Arm Angle",0.9111845880040709
18.040123,"NT:/SmartDashboard/Arm Rate",0.49764985251525284
18.059837,"NT:/SmartDashboard/Arm Angle",0.9211554631253275
18.059879,"NT:/SmartDashboard/Arm Rate",0.49012102622712034
18.079891,"NT:/SmartDashboard/Arm Angle",0.9311263382465842
18.07995,"NT:/SmartDashboard/Arm Rate",0.48341381020433194
18.102123,"NT:/SmartDashboard/Arm Angle",0.9418642037617837
18.102172,"NT:/SmartDashboard/Arm Rate",0.5110075495767283
18.120008,"NT:/SmartDashboard/Arm Angle",0.9510680884890975
18.120045,"NT:/SmartDashboard/Arm Rate",0.4582877592870582
18.138841,"NT:/SmartDashboard/Arm Angle",0.9602719732164113
18.138878,"NT:/SmartDashboard/Arm Rate",0.47014245062082916
18.158788,"NT:/SmartDashboard/Arm Angle",0.9710098387316108
18.158824,"NT:/SmartDashboard/Arm Rate",0.4993589595643222
18.178725,"NT:/SmartDashboard/Arm Angle",0.9809807138528676
18.178762,"NT:/SmartDashboard/Arm Rate",0.47235744045747224
18.199033,"NT:/SmartDashboard/Arm Angle",0.9917185793680671
18.199068,"NT:/SmartDashboard/Arm Rate",0.5365914430732458
18.218849,"NT:/SmartDashboard/Arm Angle",1.0016894544893238
18.218894,"NT:/SmartDashboard/Arm Rate",0.5922305588949169
18.239077,"NT:/SmartDashboard/Arm Angle",1.012427320004523
18.239116,"NT:/SmartDashboard/Arm Rate",0.5078103426722087
18.259046,"NT:/SmartDashboard/Arm Angle",1.0231651855197226
18.259091,"NT:/SmartDashboard/Arm Rate",0.5662901028621787
18.278758,"NT:/SmartDashboard/Arm Angle",1.033903051034922
18.278796,"NT:/SmartDashboard/Arm Rate",0.5810313199824405
18.298623,"NT:/SmartDashboard/Arm Angle",1.0446409165501216
18.298665,"NT:/SmartDashboard/Arm Rate",0.5692003776976191
18.318598,"NT:/SmartDashboard/Arm Angle",1.055378782065321
18.318633,"NT:/SmartDashboard/Arm Rate",0.5267112881705279
18.338579,"NT:/SmartDashboard/Arm Angle",1.0661166475805206
18.338614,"NT:/SmartDashboard/Arm Rate",0.5659766957415222
18.358189,"NT:/SmartDashboard/Arm Angle",1.0768545130957201
18.358424,"NT:/SmartDashboard/Arm Rate",0.5913629807093905
18.378262,"NT:/SmartDashboard/Arm Angle",1.0875923786109196
18.3783,"NT:/SmartDashboard/Arm Rate",0.5258085737643057
18.398448,"NT:/SmartDashboard/Arm Angle",1.0983302441261191
18.398486,"NT:/SmartDashboard/Arm Rate",0.5360663933482348
18.418574,"NT:/SmartDashboard/Arm Angle",1.1083011192473757
18.41861,"NT:/SmartDashboard/Arm Rate",0.5528904704081462
18.438608,"NT:/SmartDashboard/Arm Angle",1.1190389847625752
18.438642,"NT:/SmartDashboard/Arm Rate",0.5341437707002946
18.459179,"NT:/SmartDashboard/Arm Angle",1.1305438406717176
18.459215,"NT:/SmartDashboard/Arm Rate",0.501776450847418
18.479231,"NT:/SmartDashboard/Arm Angle",1.1420486965808598
18.479269,"NT:/SmartDashboard/Arm Rate",0.6207432777135162
18.498693,"NT:/SmartDashboard/Arm Angle",1.1520195717021164
18.498727,"NT:/SmartDashboard/Arm Rate",0.5799110796482841
18.519108,"NT:/SmartDashboard/Arm Angle",1.1635244276112588
18.519142,"NT:/SmartDashboard/Arm Rate",0.5349260850820851
18.538767,"NT:/SmartDashboard/Arm Angle",1.1734953027325155
18.538804,"NT:/SmartDashboard/Arm Rate",0.5578061246300093
18.558045,"NT:/SmartDashboard/Arm Angle",1.1850001586416579
18.55809,"NT:/SmartDashboard/Arm Rate",0.579363518482321
18.57843,"NT:/SmartDashboard/Arm Angle",1.1965050145508
18.578466,"NT:/SmartDashboard/Arm Rate",0.503518201191732
18.598651,"NT:/SmartDashboard/Arm Angle",1.2072428800659996
18.598685,"NT:/SmartDashboard/Arm Rate",0.5919220489424726
18.618538,"NT:/SmartDashboard/Arm Angle",1.217980745581199
18.618573,"NT:/SmartDashboard/Arm Rate",0.5468542254770387
18.638713,"NT:/SmartDashboard/Arm Angle",1.2294856014903415
18.638749,"NT:/SmartDashboard/Arm Rate",0.5875913958862882
18.659794,"NT:/SmartDashboard/Arm Angle",1.2409904573994837
18.659832,"NT:/SmartDashboard/Arm Rate",0.6298875049061794
18.680683,"NT:/SmartDashboard/Arm Angle",1.2517283229146832
18.680725,"NT:/SmartDashboard/Arm Rate",0.5749553177982164
18.699191,"NT:/SmartDashboard/Arm Angle",1.2616991980359398
18.699229,"NT:/SmartDashboard/Arm Rate",0.5012149183181452
18.721245,"NT:/SmartDashboard/Arm Angle",1.2732040539450822
18.721287,"NT:/SmartDashboard/Arm Rate",0.5127712349402955
18.739925,"NT:/SmartDashboard/Arm Angle",1.2839419194602817
18.739964,"NT:/SmartDashboard/Arm Rate",0.5274311607363641
18.759535,"NT:/SmartDashboard/Arm Angle",1.2946797849754812
18.759575,"NT:/SmartDashboard/Arm Rate",0.5633318477022607
18.783107,"NT:/SmartDashboard/Arm Angle",1.3077186216725092
18.783144,"NT:/SmartDashboard/Arm Rate",0.5867373467916047
18.798609,"NT:/SmartDashboard/Arm Angle",1.3161555160058802
18.798643,"NT:/SmartDashboard/Arm Rate",0.535911887116692
18.818546,"NT:/SmartDashboard/Arm Angle",1.3268933815210797
18.818584,"NT:/SmartDashboard/Arm Rate",0.5311797733231671
18.838252,"NT:/SmartDashboard/Arm Angle",1.337631247036279
18.838286,"NT:/SmartDashboard/Arm Rate",0.5130070273096529
18.85982,"NT:/SmartDashboard/Arm Angle",1.3491361029454214
18.859854,"NT:/SmartDashboard/Arm Rate",0.5412203323168476
18.878574,"NT:/SmartDashboard/Arm Angle",1.359106978066678
18.878613,"NT:/SmartDashboard/Arm Rate",0.5893126346083908
18.899095,"NT:/SmartDashboard/Arm Angle",1.3706118339758204
18.899131,"NT:/SmartDashboard/Arm Rate",0.5951024810674896
18.918808,"NT:/SmartDashboard/Arm Angle",1.38134969949102
18.918847,"NT:/SmartDashboard/Arm Rate",0.6131263391365127
18.938994,"NT:/SmartDashboard/Arm Angle",1.3913205746122765
18.939031,"NT:/SmartDashboard/Arm Rate",0.5091207394243747
18.959463,"NT:/SmartDashboard/Arm Angle",1.402058440127476
18.959505,"NT:/SmartDashboard/Arm Rate",0.55524193971012
18.978618,"NT:/SmartDashboard/Arm Angle",1.4120293152487327
18.978653,"NT:/SmartDashboard/Arm Rate",0.5198921525077794
18.99918,"NT:/SmartDashboard/Arm Angle",1.423534171157875
18.999218,"NT:/SmartDashboard/Arm Rate",0.5283485586944878
19.018763,"NT:/SmartDashboard/Arm Angle",1.4350390270670172
19.018798,"NT:/SmartDashboard/Arm Rate",0.5996328621240095
19.038634,"NT:/SmartDashboard/Arm Angle",1.4457768925822168
19.03867,"NT:/SmartDashboard/Arm Rate",0.5005321199091726
19.059326,"NT:/SmartDashboard/Arm Angle",1.4565147580974163
19.059362,"NT:/SmartDashboard/Arm Rate",0.5218642380348678
19.07854,"NT:/SmartDashboard/Arm Angle",1.4672526236126158
19.078574,"NT:/SmartDashboard/Arm Rate",0.5770370199409945
19.09903,"NT:/SmartDashboard/Arm Angle",1.4772234987338724
19.099068,"NT:/SmartDashboard/Arm Rate",0.482217090907435
19.118638,"NT:/SmartDashboard/Arm Angle",1.4879613642490719
19.118673,"NT:/SmartDashboard/Arm Rate",0.5285715769946647
19.139137,"NT:/SmartDashboard/Arm Angle",1.4979322393703287
19.139173,"NT:/SmartDashboard/Arm Rate",0.5032827926592107
19.158441,"NT:/SmartDashboard/Arm Angle",1.5079031144915853
19.158476,"NT:/SmartDashboard/Arm Rate",0.5113738052273595
19.178517,"NT:/SmartDashboard/Arm Angle",1.5186409800067848
19.178618,"NT:/SmartDashboard/Arm Rate",0.5105695844116698
19.198769,"NT:/SmartDashboard/Arm Angle",1.5293788455219843
19.198806,"NT:/SmartDashboard/Arm Rate",0.5223529290390122
19.218573,"NT:/SmartDashboard/Arm Angle",1.5401167110371838
19.218609,"NT:/SmartDashboard/Arm Rate",0.5327987176151023
19.238897,"NT:/SmartDashboard/Arm Angle",1.5500875861584404
19.238932,"NT:/SmartDashboard/Arm Rate",0.5315985541605355
19.258891,"NT:/SmartDashboard/Arm Angle",1.56082545167364
19.258928,"NT:/SmartDashboard/Arm Rate",0.580157819988329
19.280404,"NT:/SmartDashboard/Arm Angle",1.573097297976725
19.280447,"NT:/SmartDashboard/Arm Rate",0.5977810075057299
19.299752,"NT:/SmartDashboard/Arm Angle",1.5838351634919245
19.299794,"NT:/SmartDashboard/Arm Rate",0.551370189292588
19.319929,"NT:/SmartDashboard/Arm Angle",1.594573029007124
19.319976,"NT:/SmartDashboard/Arm Rate",0.5664364783330316
19.339653,"NT:/SmartDashboard/Arm Angle",1.6053108945223236
19.339693,"NT:/SmartDashboard/Arm Rate",0.5318104969355133
19.360465,"NT:/SmartDashboard/Arm Angle",1.6168157504314657
19.360504,"NT:/SmartDashboard/Arm Rate",0.5726426399700016
19.381119,"NT:/SmartDashboard/Arm Angle",1.6290875967345508
19.381158,"NT:/SmartDashboard/Arm Rate",0.541640756995036
19.402697,"NT:/SmartDashboard/Arm Angle",1.6413594430376361
19.402839,"NT:/SmartDashboard/Arm Rate",0.6177559905304316
19.418449,"NT:/SmartDashboard/Arm Angle",1.6490293469770643
19.418489,"NT:/SmartDashboard/Arm Rate",0.5172930423840431
19.438993,"NT:/SmartDashboard/Arm Angle",1.6590002220983209
19.439031,"NT:/SmartDashboard/Arm Rate",0.5078817977670275
19.458437,"NT:/SmartDashboard/Arm Angle",1.6689710972195777
19.458472,"NT:/SmartDashboard/Arm Rate",0.5046528947619865
19.478985,"NT:/SmartDashboard/Arm Angle",1.679708962734777
19.479022,"NT:/SmartDashboard/Arm Rate",0.5102808535454456
19.498597,"NT:/SmartDashboard/Arm Angle",1.6896798378560338
19.498635,"NT:/SmartDashboard/Arm Rate",0.5685832639777757
19.518954,"NT:/SmartDashboard/Arm Angle",1.701184693765176
19.518999,"NT:/SmartDashboard/Arm Rate",0.5418799257769367
19.538611,"NT:/SmartDashboard/Arm Angle",1.7111555688864328
19.538646,"NT:/SmartDashboard/Arm Rate",0.5285533643620468
19.559549,"NT:/SmartDashboard/Arm Angle",1.723427415189518
19.559585,"NT:/SmartDashboard/Arm Rate",0.5670279776311837
19.578583,"NT:/SmartDashboard/Arm Angle",1.7341652807047174
19.578619,"NT:/SmartDashboard/Arm Rate",0.5297169355752686
19.598936,"NT:/SmartDashboard/Arm Angle",1.744903146219917
19.598971,"NT:/SmartDashboard/Arm Rate",0.5765869638165126
19.618612,"NT:/SmartDashboard/Arm Angle",1.7564080021290591
19.618649,"NT:/SmartDashboard/Arm Rate",0.5776943860077358
19.638842,"NT:/SmartDashboard/Arm Angle",1.7671458676442586
19.638882,"NT:/SmartDashboard/Arm Rate",0.5948601684497731
19.65876,"NT:/SmartDashboard/Arm Angle",1.7794177139473437
19.658797,"NT:/SmartDashboard/Arm Rate",0.568351533118059
19.678658,"NT:/SmartDashboard/Arm Angle",1.7909225698564861
19.678696,"NT:/SmartDashboard/Arm Rate",0.6184408917455415
19.702805,"NT:/SmartDashboard/Arm Angle",1.8070293681292853
19.702847,"NT:/SmartDashboard/Arm Rate",0.6368368605648744
19.718113,"NT:/SmartDashboard/Arm Angle",1.8154662624626563
19.718148,"NT:/SmartDashboard/Arm Rate",0.5569757319967834
19.741045,"NT:/SmartDashboard/Arm Angle",1.8292720895536272
19.741085,"NT:/SmartDashboard/Arm Rate",0.5531297068937056
19.758329,"NT:/SmartDashboard/Arm Angle",1.8392429646748838
19.758371,"NT:/SmartDashboard/Arm Rate",0.5721247157562439
19.778614,"NT:/SmartDashboard/Arm Angle",1.8492138397961404
19.778659,"NT:/SmartDashboard/Arm Rate",0.5051888843503569
19.798536,"NT:/SmartDashboard/Arm Angle",1.8584177245234543
19.79857,"NT:/SmartDashboard/Arm Rate",0.4197914119249733
19.818679,"NT:/SmartDashboard/Arm Angle",1.867621609250768
19.818713,"NT:/SmartDashboard/Arm Rate",0.4602091931644702
19.838482,"NT:/SmartDashboard/Arm Angle",1.876825493978082
19.838517,"NT:/SmartDashboard/Arm Rate",0.4949442738313946
19.858565,"NT:/SmartDashboard/Arm Angle",1.8875633594932815
19.8586,"NT:/SmartDashboard/Arm Rate",0.4725684409930966
19.878971,"NT:/SmartDashboard/Arm Angle",1.898301225008481
19.879007,"NT:/SmartDashboard/Arm Rate",0.5160140569794437
19.898544,"NT:/SmartDashboard/Arm Angle",1.9090390905236805
19.898579,"NT:/SmartDashboard/Arm Rate",0.5627789993068417
19.918946,"NT:/SmartDashboard/Arm Angle",1.9213109368267656
19.918983,"NT:/SmartDashboard/Arm Rate",0.5411964641455115
19.941915,"NT:/SmartDashboard/Arm Angle",1.9358837543116791
19.941955,"NT:/SmartDashboard/Arm Rate",0.7012724038015664
19.963007,"NT:/SmartDashboard/Arm Angle",1.94968958140265
19.963051,"NT:/SmartDashboard/Arm Rate",0.6624764525909421
19.982538,"NT:/SmartDashboard/Arm Angle",1.9619614277057351
19.982579,"NT:/SmartDashboard/Arm Rate",0.5993107402149347
20.002064,"NT:/SmartDashboard/Arm Angle",1.9742332740088202
20.002109,"NT:/SmartDashboard/Arm Rate",0.6284810307732753
20.021153,"NT:/SmartDashboard/Arm Angle",1.9865051203119053
20.021191,"NT:/SmartDashboard/Arm Rate",0.6261785030658806
20.040901,"NT:/SmartDashboard/Arm Angle",1.9987769666149904
20.040935,"NT:/SmartDashboard/Arm Rate",0.6600250794968606
20.058982,"NT:/SmartDashboard/Arm Angle",2.008747841736247
20.059021,"NT:/SmartDashboard/Arm Rate",0.5910553737530526
20.08004,"NT:/SmartDashboard/Arm Angle",2.021019688039332
20.080077,"NT:/SmartDashboard/Arm Rate",0.5791010562443434
20.099044,"NT:/SmartDashboard/Arm Angle",2.031757553554532
20.099086,"NT:/SmartDashboard/Arm Rate",0.5064774081125362
20.118567,"NT:/SmartDashboard/Arm Angle",2.043262409463674
20.118601,"NT:/SmartDashboard/Arm Rate",0.5320595150656034
20.13968,"NT:/SmartDashboard/Arm Angle",2.055534255766759
20.139715,"NT:/SmartDashboard/Arm Rate",0.6149451945823377
20.158455,"NT:/SmartDashboard/Arm Angle",2.066272121281959
20.158491,"NT:/SmartDashboard/Arm Rate",0.5960215984324674
20.178552,"NT:/SmartDashboard/Arm Angle",2.078543967585044
20.178586,"NT:/SmartDashboard/Arm Rate",0.6450107907727995
20.198315,"NT:/SmartDashboard/Arm Angle",2.090048823494186
20.198349,"NT:/SmartDashboard/Arm Rate",0.5784841142598276
20.218813,"NT:/SmartDashboard/Arm Angle",2.102320669797271
20.218848,"NT:/SmartDashboard/Arm Rate",0.6020332762502516
20.238307,"NT:/SmartDashboard/Arm Angle",2.1145925161003563
20.238342,"NT:/SmartDashboard/Arm Rate",0.576029435655182
20.258584,"NT:/SmartDashboard/Arm Angle",2.1276313527973842
20.258618,"NT:/SmartDashboard/Arm Rate",0.7214658959108462
20.278742,"NT:/SmartDashboard/Arm Angle",2.1406701894944122
20.278778,"NT:/SmartDashboard/Arm Rate",0.626517368465704
20.298109,"NT:/SmartDashboard/Arm Angle",2.1537090261914402
20.298148,"NT:/SmartDashboard/Arm Rate",0.7293816524864861
20.318285,"NT:/SmartDashboard/Arm Angle",2.166747862888468
20.318388,"NT:/SmartDashboard/Arm Rate",0.7420393217490101
20.338571,"NT:/SmartDashboard/Arm Angle",2.1813206803733816
20.338609,"NT:/SmartDashboard/Arm Rate",0.7745421801997683
20.358849,"NT:/SmartDashboard/Arm Angle",2.1951265074643524
20.358892,"NT:/SmartDashboard/Arm Rate",0.7214828623971221
20.378834,"NT:/SmartDashboard/Arm Angle",2.2089323345553233
20.378869,"NT:/SmartDashboard/Arm Rate",0.7716104112803618
20.398398,"NT:/SmartDashboard/Arm Angle",2.2227381616462942
20.398432,"NT:/SmartDashboard/Arm Rate",0.669897172503146
20.418585,"NT:/SmartDashboard/Arm Angle",2.235776998343322
20.418619,"NT:/SmartDashboard/Arm Rate",0.5910952306747745
20.438465,"NT:/SmartDashboard/Arm Angle",2.2488158350403498
20.438506,"NT:/SmartDashboard/Arm Rate",0.7008558808829987
20.458694,"NT:/SmartDashboard/Arm Angle",2.2618546717373778
20.458728,"NT:/SmartDashboard/Arm Rate",0.6361502012920733
20.47949,"NT:/SmartDashboard/Arm Angle",2.2748935084344057
20.479529,"NT:/SmartDashboard/Arm Rate",0.5496070611008909
20.498523,"NT:/SmartDashboard/Arm Angle",2.287165354737491
20.498561,"NT:/SmartDashboard/Arm Rate",0.6409747567631795
20.518464,"NT:/SmartDashboard/Arm Angle",2.300204191434519
20.518498,"NT:/SmartDashboard/Arm Rate",0.6818374228025652
20.538414,"NT:/SmartDashboard/Arm Angle",2.3140100185254897
20.538448,"NT:/SmartDashboard/Arm Rate",0.7737315298970486
20.55885,"NT:/SmartDashboard/Arm Angle",2.3285828360104035
20.558889,"NT:/SmartDashboard/Arm Rate",0.6896000305179444
20.579142,"NT:/SmartDashboard/Arm Angle",2.343155653495317
20.579176,"NT:/SmartDashboard/Arm Rate",0.7407135797028617
20.608636,"NT:/SmartDashboard/Arm Angle",2.3653983749196588
20.608676,"NT:/SmartDashboard/Arm Rate",0.7112959231594368
20.621933,"NT:/SmartDashboard/Arm Angle",2.375369250040915
20.621971,"NT:/SmartDashboard/Arm Rate",0.7429197926606167
20.641012,"NT:/SmartDashboard/Arm Angle",2.389942067525829
20.64105,"NT:/SmartDashboard/Arm Rate",0.7298241015703506
20.659915,"NT:/SmartDashboard/Arm Angle",2.4045148850107427
20.659955,"NT:/SmartDashboard/Arm Rate",0.7263424543417221
20.683535,"NT:/SmartDashboard/Arm Angle",2.42292265446537
20.683578,"NT:/SmartDashboard/Arm Rate",0.8384699578494896
20.705506,"NT:/SmartDashboard/Arm Angle",2.440563433526055
20.705542,"NT:/SmartDashboard/Arm Rate",0.7522648102815591
20.721616,"NT:/SmartDashboard/Arm Angle",2.453602270223083
20.721653,"NT:/SmartDashboard/Arm Rate",0.8343767458821257
20.741647,"NT:/SmartDashboard/Arm Angle",2.470476058889825
20.741684,"NT:/SmartDashboard/Arm Rate",0.9417569376465859
20.758739,"NT:/SmartDashboard/Arm Angle",2.4858158667686814
20.758775,"NT:/SmartDashboard/Arm Rate",0.876322591231318
20.779632,"NT:/SmartDashboard/Arm Angle",2.505757617011195
20.779667,"NT:/SmartDashboard/Arm Rate",0.9499803609757803
20.799865,"NT:/SmartDashboard/Arm Angle",2.526466357647651
20.7999,"NT:/SmartDashboard/Arm Rate",0.9194735965028643
20.820721,"NT:/SmartDashboard/Arm Angle",2.5487090790719926
20.820772,"NT:/SmartDashboard/Arm Rate",1.05720690424414
20.838949,"NT:/SmartDashboard/Arm Angle",2.569417819708449
20.838989,"NT:/SmartDashboard/Arm Rate",1.0480158419660048
20.858643,"NT:/SmartDashboard/Arm Angle",2.5924275315267336
20.858681,"NT:/SmartDashboard/Arm Rate",1.2168656099362536
20.879139,"NT:/SmartDashboard/Arm Angle",2.616204233738961
20.879178,"NT:/SmartDashboard/Arm Rate",1.1351049192582812
20.898404,"NT:/SmartDashboard/Arm Angle",2.6392139455572456
20.898439,"NT:/SmartDashboard/Arm Rate",1.275023512497416
20.91869,"NT:/SmartDashboard/Arm Angle",2.662990647769473
20.918726,"NT:/SmartDashboard/Arm Rate",1.184655497932728
20.938815,"NT:/SmartDashboard/Arm Angle",2.6867673499817006
20.938852,"NT:/SmartDashboard/Arm Rate",1.2383295966786205
20.959151,"NT:/SmartDashboard/Arm Angle",2.7120780329818137
20.959195,"NT:/SmartDashboard/Arm Rate",1.3633566972276063
20.978746,"NT:/SmartDashboard/Arm Angle",2.7381557063758697
20.978782,"NT:/SmartDashboard/Arm Rate",1.5421929654265376
20.999401,"NT:/SmartDashboard/Arm Angle",2.767301341345697
20.999439,"NT:/SmartDashboard/Arm Rate",1.7465339723165676
21.018811,"NT:/SmartDashboard/Arm Angle",2.7979809571034093
21.018847,"NT:/SmartDashboard/Arm Rate",1.4596134810273003
21.038635,"NT:/SmartDashboard/Arm Angle",2.8332625152247792
21.038677,"NT:/SmartDashboard/Arm Rate",2.1619827178543973
21.060009,"NT:/SmartDashboard/Arm Angle",2.8716120349219203
21.060045,"NT:/SmartDashboard/Arm Rate",1.809686530862551
21.078884,"NT:/SmartDashboard/Arm Angle",2.9084275738311756
21.078919,"NT:/SmartDashboard/Arm Rate",2.177635359173285
21.098339,"NT:/SmartDashboard/Arm Angle",2.9460101031343737
21.098376,"NT:/SmartDashboard/Arm Rate",1.7800247023708524
21.118586,"NT:/SmartDashboard/Arm Angle",2.9858936036194006
21.118622,"NT:/SmartDashboard/Arm Rate",2.4241162893262347
21.138327,"NT:/SmartDashboard/Arm Angle",3.0242431233165417
21.138361,"NT:/SmartDashboard/Arm Rate",1.6709120286320365
21.158521,"NT:/SmartDashboard/Arm Angle",3.059524681437911
21.158556,"NT:/SmartDashboard/Arm Rate",1.497881835646559
21.174797,"systemTime",2023-01-28 16:17:23.390794
21.178398,"NT:/SmartDashboard/Arm Angle",3.087136335619853
21.178434,"NT:/SmartDashboard/Arm Rate",1.241964001931498
21.198313,"NT:/SmartDashboard/Arm Angle",3.107845076256309
21.198349,"NT:/SmartDashboard/Arm Rate",0.791303184279818
21.218461,"NT:/SmartDashboard/Arm Angle",3.120116922559394
21.218497,"NT:/SmartDashboard/Arm Rate",0.4869239252418434
21.238973,"NT:/SmartDashboard/Arm Angle",3.130854788074594
21.239009,"NT:/SmartDashboard/Arm Rate",0.6004837547872508
21.260257,"NT:/SmartDashboard/Arm Angle",3.1438936247716214
21.260299,"NT:/SmartDashboard/Arm Rate",0.5893013149519376
21.280956,"NT:/SmartDashboard/Arm Angle",3.154631490286821
21.281003,"NT:/SmartDashboard/Arm Rate",0.39913116017111366
21.299517,"NT:/SmartDashboard/Arm Angle",3.164602365408078
21.299556,"NT:/SmartDashboard/Arm Rate",0.6083845434622198
21.321169,"NT:/SmartDashboard/Arm Angle",3.176874211711163
21.321308,"NT:/SmartDashboard/Arm Rate",0.6378497407967572
21.340236,"NT:/SmartDashboard/Arm Angle",3.189146058014248
21.34028,"NT:/SmartDashboard/Arm Rate",0.7120222743620689
21.361235,"NT:/SmartDashboard/Arm Angle",3.2044858658931044
21.361371,"NT:/SmartDashboard/Arm Rate",0.6433336288143436
21.378527,"NT:/SmartDashboard/Arm Angle",3.2182916929840752
21.378563,"NT:/SmartDashboard/Arm Rate",0.7961803562539823
21.398522,"NT:/SmartDashboard/Arm Angle",3.2351654816508173
21.398557,"NT:/SmartDashboard/Arm Rate",0.9021426378802566
21.419435,"NT:/SmartDashboard/Arm Angle",3.2558742222872734
21.419476,"NT:/SmartDashboard/Arm Rate",1.1351469181822929
21.438946,"NT:/SmartDashboard/Arm Angle",3.2765829629237295
21.43898,"NT:/SmartDashboard/Arm Rate",1.142651288020739
21.459994,"NT:/SmartDashboard/Arm Angle",3.300359665135957
21.46003,"NT:/SmartDashboard/Arm Rate",1.0665791429613873
21.478289,"NT:/SmartDashboard/Arm Angle",3.3241363673481845
21.478332,"NT:/SmartDashboard/Arm Rate",1.9965908992394132
21.504785,"NT:/SmartDashboard/Arm Angle",3.3578839446816686
21.504826,"NT:/SmartDashboard/Arm Rate",1.2577994693935521
21.521808,"NT:/SmartDashboard/Arm Angle",3.382427637287839
21.521849,"NT:/SmartDashboard/Arm Rate",1.42845376592773
21.53956,"NT:/SmartDashboard/Arm Angle",3.4092723010758377
21.539599,"NT:/SmartDashboard/Arm Rate",1.7338503918004367
21.559021,"NT:/SmartDashboard/Arm Angle",3.438417936045665
21.559056,"NT:/SmartDashboard/Arm Rate",1.472327090952025
21.578813,"NT:/SmartDashboard/Arm Angle",3.464495609439721
21.578849,"NT:/SmartDashboard/Arm Rate",1.1832391290553956
21.598512,"NT:/SmartDashboard/Arm Angle",3.4867383308640623
21.598546,"NT:/SmartDashboard/Arm Rate",1.008335494567568
21.618263,"NT:/SmartDashboard/Arm Angle",3.504379109924747
21.618298,"NT:/SmartDashboard/Arm Rate",1.1751265252403649
21.638805,"NT:/SmartDashboard/Arm Angle",3.517417946621775
21.638844,"NT:/SmartDashboard/Arm Rate",0.7070991001593258
21.660789,"NT:/SmartDashboard/Arm Angle",3.531223773712746
21.660825,"NT:/SmartDashboard/Arm Rate",0.682945422844072
21.68005,"NT:/SmartDashboard/Arm Angle",3.5457965911976594
21.680085,"NT:/SmartDashboard/Arm Rate",0.7112876776841784
21.698767,"NT:/SmartDashboard/Arm Angle",3.5619033894704586
21.698809,"NT:/SmartDashboard/Arm Rate",0.8657509314477192
21.718752,"NT:/SmartDashboard/Arm Angle",3.5795441685311435
21.718791,"NT:/SmartDashboard/Arm Rate",0.8683606447039477
21.738709,"NT:/SmartDashboard/Arm Angle",3.6002529091675997
21.738744,"NT:/SmartDashboard/Arm Rate",1.0554066448007438
21.76049,"NT:/SmartDashboard/Arm Angle",3.6224956305919416
21.76053,"NT:/SmartDashboard/Arm Rate",1.1394683562447891
21.779348,"NT:/SmartDashboard/Arm Angle",3.642437380834455
21.779386,"NT:/SmartDashboard/Arm Rate",0.9615023115743019
21.798879,"NT:/SmartDashboard/Arm Angle",3.6608451502890826
21.798915,"NT:/SmartDashboard/Arm Rate",0.832757410431661
21.81875,"NT:/SmartDashboard/Arm Angle",3.6792529197437105
21.818787,"NT:/SmartDashboard/Arm Rate",0.7751292510791518
21.838962,"NT:/SmartDashboard/Arm Angle",3.696893698804395
21.838999,"NT:/SmartDashboard/Arm Rate",0.7766106584746757
21.859098,"NT:/SmartDashboard/Arm Angle",3.715301468259023
21.859137,"NT:/SmartDashboard/Arm Rate",0.9118219059252173
21.880811,"NT:/SmartDashboard/Arm Angle",3.735243218501536
21.880854,"NT:/SmartDashboard/Arm Rate",0.9009636954573249
21.898957,"NT:/SmartDashboard/Arm Angle",3.752883997562221
21.898996,"NT:/SmartDashboard/Arm Rate",1.0194595519941791
21.918885,"NT:/SmartDashboard/Arm Angle",3.7728257478047347
21.918926,"NT:/SmartDashboard/Arm Rate",1.0489116126265112
21.940285,"NT:/SmartDashboard/Arm Angle",3.795068469229076
21.940321,"NT:/SmartDashboard/Arm Rate",1.129921028200973
21.96191,"NT:/SmartDashboard/Arm Angle",3.818078181047361
21.961956,"NT:/SmartDashboard/Arm Rate",1.0238996031075416
21.981377,"NT:/SmartDashboard/Arm Angle",3.838019931289874
21.981418,"NT:/SmartDashboard/Arm Rate",1.0255938944211014
22.00086,"NT:/SmartDashboard/Arm Angle",3.855660710350559
22.000898,"NT:/SmartDashboard/Arm Rate",0.9637222434061419
22.018694,"NT:/SmartDashboard/Arm Angle",3.8710005182294154
22.018732,"NT:/SmartDashboard/Arm Rate",0.8601560456357419
22.038114,"NT:/SmartDashboard/Arm Angle",3.8871073165022145
22.038149,"NT:/SmartDashboard/Arm Rate",0.8315160385329798
22.059868,"NT:/SmartDashboard/Arm Angle",3.9047480955628995
22.059904,"NT:/SmartDashboard/Arm Rate",0.8498390813898098
22.078347,"NT:/SmartDashboard/Arm Angle",3.9208548938356986
22.078383,"NT:/SmartDashboard/Arm Rate",0.8771243158519855
22.098677,"NT:/SmartDashboard/Arm Angle",3.9392626632903265
22.098722,"NT:/SmartDashboard/Arm Rate",0.9754269376905754
22.119317,"NT:/SmartDashboard/Arm Angle",3.9592044135328397
22.119352,"NT:/SmartDashboard/Arm Rate",0.9613667295797204
22.138539,"NT:/SmartDashboard/Arm Angle",3.9783791733814104
22.138573,"NT:/SmartDashboard/Arm Rate",0.8783673773967254
22.160002,"NT:/SmartDashboard/Arm Angle",3.9983209236239237
22.160039,"NT:/SmartDashboard/Arm Rate",0.9202044318450158
22.17841,"NT:/SmartDashboard/Arm Angle",4.015194712290666
22.178447,"NT:/SmartDashboard/Arm Rate",0.9251576604711134
22.19842,"NT:/SmartDashboard/Arm Angle",4.032068500957408
22.198462,"NT:/SmartDashboard/Arm Rate",0.8645067560221152
22.21843,"NT:/SmartDashboard/Arm Angle",4.04894228962415
22.218463,"NT:/SmartDashboard/Arm Rate",0.9462591992385672
22.238409,"NT:/SmartDashboard/Arm Angle",4.065816078290892
22.238446,"NT:/SmartDashboard/Arm Rate",0.8252310772174415
22.258454,"NT:/SmartDashboard/Arm Angle",4.08422384774552
22.25849,"NT:/SmartDashboard/Arm Rate",0.9455446891872105
22.278099,"NT:/SmartDashboard/Arm Angle",4.102631617200148
22.278139,"NT:/SmartDashboard/Arm Rate",0.9448603559505028
22.298633,"NT:/SmartDashboard/Arm Angle",4.123340357836604
22.298669,"NT:/SmartDashboard/Arm Rate",0.9692942122083574
22.318215,"NT:/SmartDashboard/Arm Angle",4.1417481272912315
22.318251,"NT:/SmartDashboard/Arm Rate",0.9477792943377455
22.338499,"NT:/SmartDashboard/Arm Angle",4.1601558967458585
22.338535,"NT:/SmartDashboard/Arm Rate",0.9606893927575646
22.358913,"NT:/SmartDashboard/Arm Angle",4.178563666200486
22.35895,"NT:/SmartDashboard/Arm Rate",0.9374548380582349
22.378399,"NT:/SmartDashboard/Arm Angle",4.196204445261172
22.378433,"NT:/SmartDashboard/Arm Rate",0.908204903944963
22.403633,"NT:/SmartDashboard/Arm Angle",4.218447166685513
22.403674,"NT:/SmartDashboard/Arm Rate",0.8491216893446853
22.418379,"NT:/SmartDashboard/Arm Angle",4.232252993776484
22.418416,"NT:/SmartDashboard/Arm Rate",0.8981415075884196
22.438378,"NT:/SmartDashboard/Arm Angle",4.250660763231112
22.438413,"NT:/SmartDashboard/Arm Rate",1.047032259703866
22.458461,"NT:/SmartDashboard/Arm Angle",4.269068532685739
22.458495,"NT:/SmartDashboard/Arm Rate",0.8988124791689345
22.478737,"NT:/SmartDashboard/Arm Angle",4.28824329253431
22.478772,"NT:/SmartDashboard/Arm Rate",0.8829555712866858
22.498556,"NT:/SmartDashboard/Arm Angle",4.305117081201052
22.498591,"NT:/SmartDashboard/Arm Rate",0.7662528755501037
22.521126,"NT:/SmartDashboard/Arm Angle",4.321990869867794
22.521167,"NT:/SmartDashboard/Arm Rate",0.6524107550816124
22.539924,"NT:/SmartDashboard/Arm Angle",4.333495725776936
22.539966,"NT:/SmartDashboard/Arm Rate",0.6184845277689085
22.560759,"NT:/SmartDashboard/Arm Angle",4.346534562473964
22.560806,"NT:/SmartDashboard/Arm Rate",0.6385467210113812
22.580611,"NT:/SmartDashboard/Arm Angle",4.358039418383107
22.580651,"NT:/SmartDashboard/Arm Rate",0.5667608648885183
22.600367,"NT:/SmartDashboard/Arm Angle",4.368777283898306
22.60041,"NT:/SmartDashboard/Arm Rate",0.5448729399657732
22.619762,"NT:/SmartDashboard/Arm Angle",4.37798116862562
22.619805,"NT:/SmartDashboard/Arm Rate",0.453079751566716
22.639006,"NT:/SmartDashboard/Arm Angle",4.386418062958991
22.639041,"NT:/SmartDashboard/Arm Rate",0.43051556930661744
22.658586,"NT:/SmartDashboard/Arm Angle",4.395621947686305
22.658619,"NT:/SmartDashboard/Arm Rate",0.423219651511399
22.678816,"NT:/SmartDashboard/Arm Angle",4.404825832413619
22.678859,"NT:/SmartDashboard/Arm Rate",0.479151880518403
22.698667,"NT:/SmartDashboard/Arm Angle",4.414029717140933
22.6987,"NT:/SmartDashboard/Arm Rate",0.4830104421256004
22.718489,"NT:/SmartDashboard/Arm Angle",4.4232336018682465
22.718525,"NT:/SmartDashboard/Arm Rate",0.5341763214450247
22.738541,"NT:/SmartDashboard/Arm Angle",4.429369525019789
22.738578,"NT:/SmartDashboard/Arm Rate",0.45861316747083664
23.161234,"NT:/SmartDashboard/Arm Rate",0
25.339281,"NT:/SmartDashboard/Arm Angle",4.4232336018682465
25.339377,"NT:/SmartDashboard/Arm Rate",-0.45311655576464854
25.359198,"NT:/SmartDashboard/Arm Angle",4.410961755565161
25.359235,"NT:/SmartDashboard/Arm Rate",-0.6662023117099948
25.37907,"NT:/SmartDashboard/Arm Angle",4.395621947686305
25.379117,"NT:/SmartDashboard/Arm Rate",-0.8372572048607599
25.398677,"NT:/SmartDashboard/Arm Angle",4.3802821398074485
25.398714,"NT:/SmartDashboard/Arm Rate",-0.7593494402008001
25.418205,"NT:/SmartDashboard/Arm Angle",4.364942331928592
25.418246,"NT:/SmartDashboard/Arm Rate",-0.8134376858021217
25.438951,"NT:/SmartDashboard/Arm Angle",4.351136504837621
25.438985,"NT:/SmartDashboard/Arm Rate",-0.7176434370992812
25.458493,"NT:/SmartDashboard/Arm Angle",4.335796696958765
25.458527,"NT:/SmartDashboard/Arm Rate",-0.9111449076433431
25.478649,"NT:/SmartDashboard/Arm Angle",4.316621937110194
25.478682,"NT:/SmartDashboard/Arm Rate",-0.995687326822323
25.498087,"NT:/SmartDashboard/Arm Angle",4.2982141676555665
25.498125,"NT:/SmartDashboard/Arm Rate",-0.9982304860321736
25.518319,"NT:/SmartDashboard/Arm Angle",4.278272417413053
25.518356,"NT:/SmartDashboard/Arm Rate",-0.9940098092537649
25.538897,"NT:/SmartDashboard/Arm Angle",4.2590976575644826
25.538938,"NT:/SmartDashboard/Arm Rate",-0.8855551604933777
25.559055,"NT:/SmartDashboard/Arm Angle",4.240689888109855
25.55909,"NT:/SmartDashboard/Arm Rate",-0.9193633825598305
25.578728,"NT:/SmartDashboard/Arm Angle",4.22304910904917
25.578765,"NT:/SmartDashboard/Arm Rate",-0.8551332541102329
25.598451,"NT:/SmartDashboard/Arm Angle",4.204641339594542
25.598488,"NT:/SmartDashboard/Arm Rate",-0.9062598811837304
25.618464,"NT:/SmartDashboard/Arm Angle",4.184699589352029
25.618498,"NT:/SmartDashboard/Arm Rate",-0.915905117182775
25.638516,"NT:/SmartDashboard/Arm Angle",4.165524829503458
25.638551,"NT:/SmartDashboard/Arm Rate",-0.9683763634206974
25.658495,"NT:/SmartDashboard/Arm Angle",4.1471170600488305
25.658531,"NT:/SmartDashboard/Arm Rate",-0.9314494347692699
25.678735,"NT:/SmartDashboard/Arm Angle",4.12794230020026
25.678771,"NT:/SmartDashboard/Arm Rate",-0.9931731683758056
25.698425,"NT:/SmartDashboard/Arm Angle",4.108000549957747
25.69846,"NT:/SmartDashboard/Arm Rate",-1.119203843488721
25.718435,"NT:/SmartDashboard/Arm Angle",4.088825790109176
25.71847,"NT:/SmartDashboard/Arm Rate",-0.9769800416435896
25.740239,"NT:/SmartDashboard/Arm Angle",4.06811704947272
25.740281,"NT:/SmartDashboard/Arm Rate",-0.8738141770923619
25.759718,"NT:/SmartDashboard/Arm Angle",4.049709280018092
25.759758,"NT:/SmartDashboard/Arm Rate",-0.9394355280628591
25.779744,"NT:/SmartDashboard/Arm Angle",4.031301510563465
25.779786,"NT:/SmartDashboard/Arm Rate",-0.9652230850310783
25.800807,"NT:/SmartDashboard/Arm Angle",4.0128937411088375
25.800846,"NT:/SmartDashboard/Arm Rate",-0.8656287951501841
25.819898,"NT:/SmartDashboard/Arm Angle",3.9952529620481525
25.819939,"NT:/SmartDashboard/Arm Rate",-0.9567795842170814
25.84096,"NT:/SmartDashboard/Arm Angle",3.9753112118056393
25.840995,"NT:/SmartDashboard/Arm Rate",-0.9308135848820639
25.861293,"NT:/SmartDashboard/Arm Angle",3.9553694615631256
25.861344,"NT:/SmartDashboard/Arm Rate",-0.9499362394597812
25.878837,"NT:/SmartDashboard/Arm Angle",3.9369616921084982
25.878872,"NT:/SmartDashboard/Arm Rate",-0.9795378668192661
25.898417,"NT:/SmartDashboard/Arm Angle",3.9185539226538704
25.898453,"NT:/SmartDashboard/Arm Rate",-0.9358534510093136
25.91881,"NT:/SmartDashboard/Arm Angle",3.9009131435931854
25.918844,"NT:/SmartDashboard/Arm Rate",-0.809573985584569
25.938719,"NT:/SmartDashboard/Arm Angle",3.8848063453203863
25.938765,"NT:/SmartDashboard/Arm Rate",-0.8582190824021714
25.958626,"NT:/SmartDashboard/Arm Angle",3.86946653744153
25.958661,"NT:/SmartDashboard/Arm Rate",-0.782723128832351
25.978317,"NT:/SmartDashboard/Arm Angle",3.852592748774788
25.978351,"NT:/SmartDashboard/Arm Rate",-0.8419907170654232
26.002144,"NT:/SmartDashboard/Arm Angle",3.831884008138332
26.002181,"NT:/SmartDashboard/Arm Rate",-0.9507310543303376
26.018899,"NT:/SmartDashboard/Arm Angle",3.81501021947159
26.018934,"NT:/SmartDashboard/Arm Rate",-0.8927706137936774
26.039085,"NT:/SmartDashboard/Arm Angle",3.792000507653305
26.03912,"NT:/SmartDashboard/Arm Rate",-1.084832862138676
26.058997,"NT:/SmartDashboard/Arm Angle",3.770524776622906
26.059032,"NT:/SmartDashboard/Arm Rate",-1.029085643864581
26.078723,"NT:/SmartDashboard/Arm Angle",3.74981603598645
26.078757,"NT:/SmartDashboard/Arm Rate",-1.0091149003441435
26.09876,"NT:/SmartDashboard/Arm Angle",3.7298742857439366
26.098797,"NT:/SmartDashboard/Arm Rate",-1.01428599909787
26.120145,"NT:/SmartDashboard/Arm Angle",3.7076315643195947
26.120181,"NT:/SmartDashboard/Arm Rate",-1.0506178024318211
26.138484,"NT:/SmartDashboard/Arm Angle",3.688456804471024
26.138518,"NT:/SmartDashboard/Arm Rate",-1.0184950039907985
26.158856,"NT:/SmartDashboard/Arm Angle",3.6654470926527396
26.158889,"NT:/SmartDashboard/Arm Rate",-1.205628001639204
26.174784,"systemTime",2023-01-28 16:17:28.390807
26.178858,"NT:/SmartDashboard/Arm Angle",3.6432043712283977
26.178894,"NT:/SmartDashboard/Arm Rate",-1.3256542262331081
26.198394,"NT:/SmartDashboard/Arm Angle",3.6209616498040558
26.198493,"NT:/SmartDashboard/Arm Rate",-1.1948984735531079
26.219021,"NT:/SmartDashboard/Arm Angle",3.5971849475918285
26.219062,"NT:/SmartDashboard/Arm Rate",-1.1902626819154942
26.238812,"NT:/SmartDashboard/Arm Angle",3.5764762069553724
26.238848,"NT:/SmartDashboard/Arm Rate",-0.9373259526966126
26.25885,"NT:/SmartDashboard/Arm Angle",3.5557674663189163
26.258888,"NT:/SmartDashboard/Arm Rate",-0.9200940426377406
26.278227,"NT:/SmartDashboard/Arm Angle",3.5373596968642884
26.278265,"NT:/SmartDashboard/Arm Rate",-0.8349898824988181
26.299297,"NT:/SmartDashboard/Arm Angle",3.5166509562278323
26.299334,"NT:/SmartDashboard/Arm Rate",-0.9491721171850205
26.318817,"NT:/SmartDashboard/Arm Angle",3.495942215591376
26.318854,"NT:/SmartDashboard/Arm Rate",-1.0897458799315465
26.338797,"NT:/SmartDashboard/Arm Angle",3.474466484560977
26.338836,"NT:/SmartDashboard/Arm Rate",-1.2119145075138387
26.358634,"NT:/SmartDashboard/Arm Angle",3.451456772742693
26.35867,"NT:/SmartDashboard/Arm Rate",-1.2292990246308781
26.378478,"NT:/SmartDashboard/Arm Angle",3.429214051318351
26.378514,"NT:/SmartDashboard/Arm Rate",-1.2708247523025837
26.400194,"NT:/SmartDashboard/Arm Angle",3.406971329894009
26.400244,"NT:/SmartDashboard/Arm Rate",-0.7971215900465813
26.419847,"NT:/SmartDashboard/Arm Angle",3.38549559886361
26.419885,"NT:/SmartDashboard/Arm Rate",-1.0779528392436255
26.439932,"NT:/SmartDashboard/Arm Angle",3.3632528774392685
26.439973,"NT:/SmartDashboard/Arm Rate",-1.1984927147181603
26.461086,"NT:/SmartDashboard/Arm Angle",3.3364082136512696
26.461124,"NT:/SmartDashboard/Arm Rate",-1.239355097364634
26.480347,"NT:/SmartDashboard/Arm Angle",3.308796559469328
26.480383,"NT:/SmartDashboard/Arm Rate",-1.2445586693323931
26.500219,"NT:/SmartDashboard/Arm Angle",3.2804179148934436
26.500258,"NT:/SmartDashboard/Arm Rate",-1.5186424986492835
26.518379,"NT:/SmartDashboard/Arm Angle",3.2566412126812163
26.518425,"NT:/SmartDashboard/Arm Rate",-1.3361329075937036
26.538167,"NT:/SmartDashboard/Arm Angle",3.232097520075046
26.538208,"NT:/SmartDashboard/Arm Rate",-1.119244673952531
26.55914,"NT:/SmartDashboard/Arm Angle",3.206786837074933
26.559177,"NT:/SmartDashboard/Arm Rate",-1.1087481526431695
26.578313,"NT:/SmartDashboard/Arm Angle",3.1822431444687624
26.57835,"NT:/SmartDashboard/Arm Rate",-1.2380547510224904
26.598644,"NT:/SmartDashboard/Arm Angle",3.154631490286821
26.598679,"NT:/SmartDashboard/Arm Rate",-1.1243720500517784
26.624425,"NT:/SmartDashboard/Arm Angle",3.1185829417715083
26.624466,"NT:/SmartDashboard/Arm Rate",-1.5148183359360503
26.6401,"NT:/SmartDashboard/Arm Angle",3.096340220347167
26.640141,"NT:/SmartDashboard/Arm Rate",-1.4333589869983567
26.662898,"NT:/SmartDashboard/Arm Angle",3.065660604589454
26.662942,"NT:/SmartDashboard/Arm Rate",-1.296878902530502
26.682931,"NT:/SmartDashboard/Arm Angle",3.0380489504075125
26.682971,"NT:/SmartDashboard/Arm Rate",-1.264304613768764
26.698972,"NT:/SmartDashboard/Arm Angle",3.0158062289831706
26.699015,"NT:/SmartDashboard/Arm Rate",-1.4015036549056816
26.718728,"NT:/SmartDashboard/Arm Angle",2.9866605940133435
26.718763,"NT:/SmartDashboard/Arm Rate",-1.5766285912797586
26.738338,"NT:/SmartDashboard/Arm Angle",2.9598159302253446
26.738374,"NT:/SmartDashboard/Arm Rate",-1.5360160090976958
26.758381,"NT:/SmartDashboard/Arm Angle",2.9314372856494604
26.758416,"NT:/SmartDashboard/Arm Rate",-1.4064186191305044
26.778424,"NT:/SmartDashboard/Arm Angle",2.9030586410735757
26.778457,"NT:/SmartDashboard/Arm Rate",-1.4920903512736339
26.798894,"NT:/SmartDashboard/Arm Angle",2.8739130061037486
26.79893,"NT:/SmartDashboard/Arm Rate",-1.4774676502630786
26.819661,"NT:/SmartDashboard/Arm Angle",2.8447673711339214
26.819702,"NT:/SmartDashboard/Arm Rate",-1.6059683177277895
26.839112,"NT:/SmartDashboard/Arm Angle",2.816388726558037
26.839146,"NT:/SmartDashboard/Arm Rate",-1.3344185010531435
26.858449,"NT:/SmartDashboard/Arm Angle",2.788777072376096
26.858486,"NT:/SmartDashboard/Arm Rate",-1.347962028019017
26.879345,"NT:/SmartDashboard/Arm Angle",2.760398427800211
26.879381,"NT:/SmartDashboard/Arm Rate",-1.3570547719877397
26.902969,"NT:/SmartDashboard/Arm Angle",2.728184831254613
26.903007,"NT:/SmartDashboard/Arm Rate",-1.4248050973046709
26.918643,"NT:/SmartDashboard/Arm Angle",2.705942109830271
26.91868,"NT:/SmartDashboard/Arm Rate",-1.3712172949724155
26.938787,"NT:/SmartDashboard/Arm Angle",2.675262494072558
26.938874,"NT:/SmartDashboard/Arm Rate",-1.8232915792180682
26.958911,"NT:/SmartDashboard/Arm Angle",2.6445828783148455
26.958944,"NT:/SmartDashboard/Arm Rate",-1.7959675549663587
26.978055,"NT:/SmartDashboard/Arm Angle",2.6146702529510755
26.978091,"NT:/SmartDashboard/Arm Rate",-1.5664053792358228
26.998037,"NT:/SmartDashboard/Arm Angle",2.5839906371933625
26.998073,"NT:/SmartDashboard/Arm Rate",-1.4436786860718471
27.02619,"NT:/SmartDashboard/Arm Angle",2.543340146314393
27.026237,"NT:/SmartDashboard/Arm Rate",-1.413188500781355
27.040333,"NT:/SmartDashboard/Arm Angle",2.522631405677937
27.040372,"NT:/SmartDashboard/Arm Rate",-1.499639053559137
27.061357,"NT:/SmartDashboard/Arm Angle",2.491951789920224
27.061413,"NT:/SmartDashboard/Arm Rate",-1.4867036129924802
27.081026,"NT:/SmartDashboard/Arm Angle",2.462039164556454
27.081072,"NT:/SmartDashboard/Arm Rate",-1.5786161598041022
27.102029,"NT:/SmartDashboard/Arm Angle",2.429058577616913
27.102072,"NT:/SmartDashboard/Arm Rate",-1.5869861244420043
27.122177,"NT:/SmartDashboard/Arm Angle",2.3983789618592
27.122221,"NT:/SmartDashboard/Arm Rate",-1.5226371411838218
27.13916,"NT:/SmartDashboard/Arm Angle",2.37383526925303
27.139202,"NT:/SmartDashboard/Arm Rate",-1.562217875994237
27.161501,"NT:/SmartDashboard/Arm Angle",2.3408546823134886
27.161597,"NT:/SmartDashboard/Arm Rate",-1.401631713352346
27.178182,"NT:/SmartDashboard/Arm Angle",2.3147770089194326
27.178317,"NT:/SmartDashboard/Arm Rate",-1.5264629578183855
27.198362,"NT:/SmartDashboard/Arm Angle",2.2833304027677768
27.198401,"NT:/SmartDashboard/Arm Rate",-1.5166905160032047
27.218321,"NT:/SmartDashboard/Arm Angle",2.2511168062221785
27.218356,"NT:/SmartDashboard/Arm Rate",-1.608241331361247
27.238495,"NT:/SmartDashboard/Arm Angle",2.2181362192826373
27.238529,"NT:/SmartDashboard/Arm Rate",-1.5225237963183456
27.258194,"NT:/SmartDashboard/Arm Angle",2.1859226227370385
27.258233,"NT:/SmartDashboard/Arm Rate",-1.5932496758263825
27.278294,"NT:/SmartDashboard/Arm Angle",2.1521750454035544
27.278329,"NT:/SmartDashboard/Arm Rate",-1.721204844888374
27.298562,"NT:/SmartDashboard/Arm Angle",2.1184274680700703
27.298596,"NT:/SmartDashboard/Arm Rate",-1.7337034221130665
27.318594,"NT:/SmartDashboard/Arm Angle",2.083145909948701
27.318627,"NT:/SmartDashboard/Arm Rate",-1.5765475723387885
27.33872,"NT:/SmartDashboard/Arm Angle",2.0455633806455027
27.338756,"NT:/SmartDashboard/Arm Rate",-1.973282891636136
27.358702,"NT:/SmartDashboard/Arm Angle",2.005679880160476
27.358739,"NT:/SmartDashboard/Arm Rate",-2.068404905289926
27.378315,"NT:/SmartDashboard/Arm Angle",1.9657963796754492
27.378348,"NT:/SmartDashboard/Arm Rate",-2.1616018993667883
27.398144,"NT:/SmartDashboard/Arm Angle",1.9251458887964796
27.398181,"NT:/SmartDashboard/Arm Rate",-2.0794100418674817
27.41855,"NT:/SmartDashboard/Arm Angle",1.8829614171296245
27.418585,"NT:/SmartDashboard/Arm Rate",-1.9699884905585017
27.438361,"NT:/SmartDashboard/Arm Angle",1.8400099550688265
27.438396,"NT:/SmartDashboard/Arm Rate",-2.3476003946675457
27.45816,"NT:/SmartDashboard/Arm Angle",1.795524512220143
27.458193,"NT:/SmartDashboard/Arm Rate",-2.2810123239935187
27.478183,"NT:/SmartDashboard/Arm Angle",1.7502720789775166
27.478218,"NT:/SmartDashboard/Arm Rate",-2.225741131581023
27.498433,"NT:/SmartDashboard/Arm Angle",1.7027186745530618
27.498471,"NT:/SmartDashboard/Arm Rate",-2.3570694343663816
27.518525,"NT:/SmartDashboard/Arm Angle",1.6528642989467783
27.518559,"NT:/SmartDashboard/Arm Rate",-2.4688863121323643
27.538378,"NT:/SmartDashboard/Arm Angle",1.6037769137344378
27.538414,"NT:/SmartDashboard/Arm Rate",-2.34329698359464
27.558711,"NT:/SmartDashboard/Arm Angle",1.551621566946326
27.558747,"NT:/SmartDashboard/Arm Rate",-2.5581268871602454
27.579028,"NT:/SmartDashboard/Arm Angle",1.4979322393703287
27.579063,"NT:/SmartDashboard/Arm Rate",-2.642630238831373
27.598814,"NT:/SmartDashboard/Arm Angle",1.4419419406125027
27.59885,"NT:/SmartDashboard/Arm Rate",-2.8908942999022686
27.618687,"NT:/SmartDashboard/Arm Angle",1.384417661066791
27.618723,"NT:/SmartDashboard/Arm Rate",-2.783362736013865
27.63875,"NT:/SmartDashboard/Arm Angle",1.3245924103392512
27.638787,"NT:/SmartDashboard/Arm Rate",-2.9334623280310588
27.658942,"NT:/SmartDashboard/Arm Angle",1.2670681307935396
27.658978,"NT:/SmartDashboard/Arm Rate",-2.6599285380364854
27.68127,"NT:/SmartDashboard/Arm Angle",1.213378803217542
27.681315,"NT:/SmartDashboard/Arm Rate",-2.0094063241886837
27.700464,"NT:/SmartDashboard/Arm Angle",1.180398216278001
27.700504,"NT:/SmartDashboard/Arm Rate",-1.6480240523051581
27.71998,"NT:/SmartDashboard/Arm Angle",1.1566215140657734
27.720019,"NT:/SmartDashboard/Arm Rate",-1.0789574551236287
27.741101,"NT:/SmartDashboard/Arm Angle",1.1343787926414317
27.74114,"NT:/SmartDashboard/Arm Rate",-1.1762303323127257
27.761169,"NT:/SmartDashboard/Arm Angle",1.1113690808231471
27.761214,"NT:/SmartDashboard/Arm Rate",-1.24843295927538
27.78104,"NT:/SmartDashboard/Arm Angle",1.0837574266412056
27.781087,"NT:/SmartDashboard/Arm Rate",-1.3998729584647212
27.808015,"NT:/SmartDashboard/Arm Angle",1.0400389741864646
27.808178,"NT:/SmartDashboard/Arm Rate",-1.7668518634941732
27.818819,"NT:/SmartDashboard/Arm Angle",1.0185632431560658
27.818853,"NT:/SmartDashboard/Arm Rate",-2.1501640507210165
27.838948,"NT:/SmartDashboard/Arm Angle",0.9771457618831534
27.838986,"NT:/SmartDashboard/Arm Rate",-2.1159085318606037
27.858031,"NT:/SmartDashboard/Arm Angle",0.9357282806102412
27.858071,"NT:/SmartDashboard/Arm Rate",-1.960296205086919
27.87901,"NT:/SmartDashboard/Arm Angle",0.8950777897312716
27.879045,"NT:/SmartDashboard/Arm Rate",-1.9995838986973098
27.898639,"NT:/SmartDashboard/Arm Angle",0.863631183579616
27.898674,"NT:/SmartDashboard/Arm Rate",-1.574322809889048
27.918482,"NT:/SmartDashboard/Arm Angle",0.8344855486097889
27.918518,"NT:/SmartDashboard/Arm Rate",-1.3884063790429844
27.938818,"NT:/SmartDashboard/Arm Angle",0.8061069040339044
27.938855,"NT:/SmartDashboard/Arm Rate",-1.5186049131400978
27.958657,"NT:/SmartDashboard/Arm Angle",0.773893307488306
27.958692,"NT:/SmartDashboard/Arm Rate",-1.782610369118435
27.978775,"NT:/SmartDashboard/Arm Angle",0.7378447589729934
27.978812,"NT:/SmartDashboard/Arm Rate",-1.8685435019010186
27.998245,"NT:/SmartDashboard/Arm Angle",0.6994952392758523
27.998281,"NT:/SmartDashboard/Arm Rate",-2.2013070070827885
28.018453,"NT:/SmartDashboard/Arm Angle",0.6619127099726542
28.018486,"NT:/SmartDashboard/Arm Rate",-2.0901056482414977
28.038594,"NT:/SmartDashboard/Arm Angle",0.6304661038209985
28.038629,"NT:/SmartDashboard/Arm Rate",-1.4147525193199522
28.059201,"NT:/SmartDashboard/Arm Angle",0.6051554208208855
28.059238,"NT:/SmartDashboard/Arm Rate",-1.1913951208773572
28.079044,"NT:/SmartDashboard/Arm Angle",0.581378718608658
28.079079,"NT:/SmartDashboard/Arm Rate",-1.0947231314081294
28.098325,"NT:/SmartDashboard/Arm Angle",0.5560680356085449
28.098359,"NT:/SmartDashboard/Arm Rate",-1.5501801706691338
28.118575,"NT:/SmartDashboard/Arm Angle",0.5269224006387178
28.118614,"NT:/SmartDashboard/Arm Rate",-1.7515695103030358
28.138243,"NT:/SmartDashboard/Arm Angle",0.4947088040931193
28.138277,"NT:/SmartDashboard/Arm Rate",-1.801662845095741
28.158456,"NT:/SmartDashboard/Arm Angle",0.4609612267596352
28.158492,"NT:/SmartDashboard/Arm Rate",-1.6994663208814749
28.178436,"NT:/SmartDashboard/Arm Angle",0.4272136494261511
28.17847,"NT:/SmartDashboard/Arm Rate",-1.687594034913657
28.19855,"NT:/SmartDashboard/Arm Angle",0.3942330624866098
28.198585,"NT:/SmartDashboard/Arm Rate",-1.448962890297439
28.218214,"NT:/SmartDashboard/Arm Angle",0.3650874275167826
28.21825,"NT:/SmartDashboard/Arm Rate",-1.283129057202544
28.238463,"NT:/SmartDashboard/Arm Angle",0.33364082136512696
28.238499,"NT:/SmartDashboard/Arm Rate",-1.9381903947004122
28.258562,"NT:/SmartDashboard/Arm Angle",0.3021942152134713
28.258596,"NT:/SmartDashboard/Arm Rate",-2.3664326242981084
28.278745,"NT:/SmartDashboard/Arm Angle",0.2699806186678728
28.278781,"NT:/SmartDashboard/Arm Rate",-1.4700342960092394
28.298311,"NT:/SmartDashboard/Arm Angle",0.23623304133438874
28.298348,"NT:/SmartDashboard/Arm Rate",-1.9135293306126628
28.320603,"NT:/SmartDashboard/Arm Angle",0.1971165312433049
28.320693,"NT:/SmartDashboard/Arm Rate",-1.7591018467195794
28.340045,"NT:/SmartDashboard/Arm Angle",0.16260196351587797
28.340083,"NT:/SmartDashboard/Arm Rate",-1.8951487634872177
28.361956,"NT:/SmartDashboard/Arm Angle",0.12655341500056538
28.361995,"NT:/SmartDashboard/Arm Rate",-1.6756118822312365
28.380468,"NT:/SmartDashboard/Arm Angle",0.09587379924285257
28.380518,"NT:/SmartDashboard/Arm Rate",-1.8175127818550252
28.402424,"NT:/SmartDashboard/Arm Angle",0.06289321230331128
28.402477,"NT:/SmartDashboard/Arm Rate",-1.4112383338031151
28.421504,"NT:/SmartDashboard/Arm Angle",0.0337475773334841
28.421559,"NT:/SmartDashboard/Arm Rate",-1.6123829067251518
28.449918,"NT:/SmartDashboard/Arm Angle",-0.01380582709097077
28.449962,"NT:/SmartDashboard/Arm Rate",-1.488362477936876
28.459433,"NT:/SmartDashboard/Arm Angle",-0.02914563496982718
28.459469,"NT:/SmartDashboard/Arm Rate",-1.9042651454107644
28.478667,"NT:/SmartDashboard/Arm Angle",-0.059058260333597186
28.478702,"NT:/SmartDashboard/Arm Rate",-1.677857028040078
28.498795,"NT:/SmartDashboard/Arm Angle",-0.0966407896367954
28.498838,"NT:/SmartDashboard/Arm Rate",-1.7932382007606058
28.518492,"NT:/SmartDashboard/Arm Angle",-0.13959225169759334
28.51853,"NT:/SmartDashboard/Arm Rate",-1.9317832545863316
28.538258,"NT:/SmartDashboard/Arm Angle",-0.1863786657281054
28.538294,"NT:/SmartDashboard/Arm Rate",-2.5853971902172352
28.558979,"NT:/SmartDashboard/Arm Angle",-0.22549517581918926
28.559013,"NT:/SmartDashboard/Arm Rate",-1.4594746090915192
28.579303,"NT:/SmartDashboard/Arm Angle",-0.23546605094044593
28.579338,"NT:/SmartDashboard/Arm Rate",-0.49271067752923414
28.598763,"NT:/SmartDashboard/Arm Angle",-0.2270291566070749
28.598808,"NT:/SmartDashboard/Arm Rate",1.0108604862508344
28.618531,"NT:/SmartDashboard/Arm Angle",-0.21015536794033285
28.618567,"NT:/SmartDashboard/Arm Rate",0.7944896675612857
28.638542,"NT:/SmartDashboard/Arm Angle",-0.200951483213019
28.638576,"NT:/SmartDashboard/Arm Rate",0.31788230289043207
28.658585,"NT:/SmartDashboard/Arm Angle",-0.19941750242513334
28.65862,"NT:/SmartDashboard/Arm Rate",0.26779572689131204
28.678874,"NT:/SmartDashboard/Arm Angle",-0.20018449281907616
28.702997,"NT:/SmartDashboard/Arm Angle",-0.21015536794033285
28.703034,"NT:/SmartDashboard/Arm Rate",-0.41056146130815013
28.719449,"NT:/SmartDashboard/Arm Angle",-0.21322332951610412
28.71949,"NT:/SmartDashboard/Arm Rate",-0.242617708291357
28.738392,"NT:/SmartDashboard/Arm Angle",-0.21399031991004694
28.738428,"NT:/SmartDashboard/Arm Rate",-0.18667357731238296
29.139073,"NT:/SmartDashboard/Arm Rate",0
30.834979,"NT:/FMSInfo/FMSControlData",<invalid>
31.174742,"systemTime",2023-01-28 16:17:33.390791
36.174728,"systemTime",2023-01-28 16:17:38.390802
41.175201,"systemTime",2023-01-28 16:17:43.391302
46.175106,"systemTime",2023-01-28 16:17:48.391227
51.175145,"systemTime",2023-01-28 16:17:53.391296
56.175002,"systemTime",2023-01-28 16:17:58.391182
61.175113,"systemTime",2023-01-28 16:18:03.391317
66.174789,"systemTime",2023-01-28 16:18:08.391023
71.174738,"systemTime",2023-01-28 16:18:13.390998
76.174874,"systemTime",2023-01-28 16:18:18.391158
81.17475,"systemTime",2023-01-28 16:18:23.391063
86.17472,"systemTime",2023-01-28 16:18:28.391060
91.17473,"systemTime",2023-01-28 16:18:33.391096
96.174752,"systemTime",2023-01-28 16:18:38.391146
101.174766,"systemTime",2023-01-28 16:18:43.391186
106.174755,"systemTime",2023-01-28 16:18:48.391201
111.174787,"systemTime",2023-01-28 16:18:53.391260
116.174727,"systemTime",2023-01-28 16:18:58.391226
121.174777,"systemTime",2023-01-28 16:19:03.391302
126.174766,"systemTime",2023-01-28 16:19:08.391318
131.174813,"systemTime",2023-01-28 16:19:13.391393
136.174861,"systemTime",2023-01-28 16:19:18.391466
141.174853,"systemTime",2023-01-28 16:19:23.391484
146.175962,"systemTime",2023-01-28 16:19:28.392617
151.174768,"systemTime",2023-01-28 16:19:33.391454
156.174733,"systemTime",2023-01-28 16:19:38.391446
161.174831,"systemTime",2023-01-28 16:19:43.391569
166.174751,"systemTime",2023-01-28 16:19:48.391517
171.174725,"systemTime",2023-01-28 16:19:53.391518
176.174793,"systemTime",2023-01-28 16:19:58.391613
181.174828,"systemTime",2023-01-28 16:20:03.391673
186.174888,"systemTime",2023-01-28 16:20:08.391761
191.174719,"systemTime",2023-01-28 16:20:13.391620
196.174722,"systemTime",2023-01-28 16:20:18.391651
201.1752,"systemTime",2023-01-28 16:20:23.392152
206.176078,"systemTime",2023-01-28 16:20:28.393052
211.175326,"systemTime",2023-01-28 16:20:33.392333
216.17475,"systemTime",2023-01-28 16:20:38.391787
221.175031,"systemTime",2023-01-28 16:20:43.392095
226.174893,"systemTime",2023-01-28 16:20:48.391981
231.174826,"systemTime",2023-01-28 16:20:53.391942
236.174952,"systemTime",2023-01-28 16:20:58.392095
241.174728,"systemTime",2023-01-28 16:21:03.391901
246.174728,"systemTime",2023-01-28 16:21:08.391927
251.174738,"systemTime",2023-01-28 16:21:13.391966
256.174767,"systemTime",2023-01-28 16:21:18.392022
261.174771,"systemTime",2023-01-28 16:21:23.392052
266.17472,"systemTime",2023-01-28 16:21:28.392029
271.174722,"systemTime",2023-01-28 16:21:33.392058
276.174814,"systemTime",2023-01-28 16:21:38.392177
281.174747,"systemTime",2023-01-28 16:21:43.392137
286.175423,"systemTime",2023-01-28 16:21:48.392838
291.174728,"systemTime",2023-01-28 16:21:53.392174
296.174767,"systemTime",2023-01-28 16:21:58.392241
301.174725,"systemTime",2023-01-28 16:22:03.392224
306.17477,"systemTime",2023-01-28 16:22:08.392299
311.174723,"systemTime",2023-01-28 16:22:13.392278
316.174773,"systemTime",2023-01-28 16:22:18.392355
321.174811,"systemTime",2023-01-28 16:22:23.392420
326.174776,"systemTime",2023-01-28 16:22:28.392414
331.174722,"systemTime",2023-01-28 16:22:33.392388
336.174815,"systemTime",2023-01-28 16:22:38.392508
341.174727,"systemTime",2023-01-28 16:22:43.392448
346.174746,"systemTime",2023-01-28 16:22:48.392494
351.175981,"systemTime",2023-01-28 16:22:53.393756
356.174727,"systemTime",2023-01-28 16:22:58.392531
361.174746,"systemTime",2023-01-28 16:23:03.392578
366.174917,"systemTime",2023-01-28 16:23:08.392774
371.174933,"systemTime",2023-01-28 16:23:13.392818
376.175234,"systemTime",2023-01-28 16:23:18.393147
381.174724,"systemTime",2023-01-28 16:23:23.392668
386.174824,"systemTime",2023-01-28 16:23:28.392795
391.174791,"systemTime",2023-01-28 16:23:33.392790
396.17479,"systemTime",2023-01-28 16:23:38.392816
401.174926,"systemTime",2023-01-28 16:23:43.392980
406.174795,"systemTime",2023-01-28 16:23:48.392877
411.174911,"systemTime",2023-01-28 16:23:53.393021
416.174809,"systemTime",2023-01-28 16:23:58.392946
421.174843,"systemTime",2023-01-28 16:24:03.393010
426.174849,"systemTime",2023-01-28 16:24:08.393043
431.175656,"systemTime",2023-01-28 16:24:13.393875
436.174906,"systemTime",2023-01-28 16:24:18.393156
441.174746,"systemTime",2023-01-28 16:24:23.393025
446.174798,"systemTime",2023-01-28 16:24:28.393104
451.174728,"systemTime",2023-01-28 16:24:33.393063
456.174712,"systemTime",2023-01-28 16:24:38.393075
461.174734,"systemTime",2023-01-28 16:24:43.393125
466.174775,"systemTime",2023-01-28 16:24:48.393194
471.174729,"systemTime",2023-01-28 16:24:53.393177
476.174731,"systemTime",2023-01-28 16:24:58.393206
481.174726,"systemTime",2023-01-28 16:25:03.393231
486.174731,"systemTime",2023-01-28 16:25:08.393263
491.174731,"systemTime",2023-01-28 16:25:13.393292
496.17474,"systemTime",2023-01-28 16:25:18.393328
501.17475,"systemTime",2023-01-28 16:25:23.393367
506.176303,"systemTime",2023-01-28 16:25:28.394946
511.176801,"systemTime",2023-01-28 16:25:33.395310
516.174802,"systemTime",2023-01-28 16:25:38.393502
521.175418,"systemTime",2023-01-28 16:25:43.394143
526.174727,"systemTime",2023-01-28 16:25:48.393485
531.174786,"systemTime",2023-01-28 16:25:53.393520
